Name,Category,Default Code,List Price,Cost,Description,Quantity On Hand,Image URL
10 Ft Backlit Trade Show Display Design 1 Product Image Bblntboo101 1 Us,Signs,SKU-0001,29.99,10.0,Signs - Product 1,50,/assets/images/10-ft-backlit-trade-show-display-design-1-product-image-bblntboo101_1_us.jpg
10 Ft Backlit Trade Show Display Design 2 Product Image Bblntboo102 1 Us,Signs,SKU-0002,29.99,10.0,Signs - Product 2,50,/assets/images/10-ft-backlit-trade-show-display-design-2-product-image-bblntboo102_1_us.jpg
10 Ft Backlit Trade Show Display Design 5 Product Image Bblntboo105 1 Us,Signs,SKU-0003,29.99,10.0,Signs - Product 3,50,/assets/images/10-ft-backlit-trade-show-display-design-5-product-image-bblntboo105_1_us.jpg
10 Ft Backlit Trade Show Display Design 6 Product Image Bblntboo106 1 Us,Signs,SKU-0004,29.99,10.0,Signs - Product 4,50,/assets/images/10-ft-backlit-trade-show-display-design-6-product-image-bblntboo106_1_us.jpg
10 Ft Trade Show Booth Design 1 45 Degree Bbexbboo101 1 Us,Signs,SKU-0005,29.99,10.0,Signs - Product 5,50,/assets/images/10-ft-trade-show-booth-design-1-45-degree-bbexbboo101_1_us.jpg
10 Ft Trade Show Booth Design 2 45 Degree Bbexbboo102 1 Us,Signs,SKU-0006,29.99,10.0,Signs - Product 6,50,/assets/images/10-ft-trade-show-booth-design-2-45-degree-bbexbboo102_1_us.jpg
10 Ft Trade Show Booth Design 3 45 Degree Bbexbboo103 1 Us,Signs,SKU-0007,29.99,10.0,Signs - Product 7,50,/assets/images/10-ft-trade-show-booth-design-3-45-degree-bbexbboo103_1_us.jpg
10 Ft Trade Show Booth Design 4 45 Degree Bbexbboo104 1 Us,Signs,SKU-0008,29.99,10.0,Signs - Product 8,50,/assets/images/10-ft-trade-show-booth-design-4-45-degree-bbexbboo104_1_us.jpg
10 Ft Trade Show Booth Design 5 45 Degree Bbexbboo105 1 Us,Signs,SKU-0009,29.99,10.0,Signs - Product 9,50,/assets/images/10-ft-trade-show-booth-design-5-45-degree-bbexbboo105_1_us.jpg
10 Ft Trade Show Booth Design 6 45 Degree Bbexbboo108 1 Us,Signs,SKU-0010,29.99,10.0,Signs - Product 10,50,/assets/images/10-ft-trade-show-booth-design-6-45-degree-bbexbboo108_1_us.jpg
10 Ft Trade Show Booth Design 7 45 Degree Bbexbboo110 1 Us,Signs,SKU-0011,29.99,10.0,Signs - Product 11,50,/assets/images/10-ft-trade-show-booth-design-7-45-degree-bbexbboo110_1_us.jpg
10 Ft Trade Show Booth Design 8 45 Degree Bbexbboo115 1 Us,Signs,SKU-0012,29.99,10.0,Signs - Product 12,50,/assets/images/10-ft-trade-show-booth-design-8-45-degree-bbexbboo115_1_us.jpg
10 Ft Trade Show Booth Design 9 45 Degree Bbexbboo116 1 Us,Signs,SKU-0013,29.99,10.0,Signs - Product 13,50,/assets/images/10-ft-trade-show-booth-design-9-45-degree-bbexbboo116_1_us.jpg
10x10ft Magnetic Modular Fabric Displays B 45 Degree Bbmgmfdus07 1,Displays,SKU-0014,29.99,10.0,Displays - Product 14,50,/assets/images/10x10ft-magnetic-modular-fabric-displays-b_45-degree_bbmgmfdus07_1.png
10x10ft Magnetic Modular Fabric Displays A 45 Degree Bbmgmfdls06 1,Displays,SKU-0015,29.99,10.0,Displays - Product 15,50,/assets/images/10x10ft_magnetic_modular_fabric_displays-a_45_degree_bbmgmfdls06_1.png
10x10ft Magnetic Modular Fabric Displays C 45 Degree Bbmgmfdlss08 1,Displays,SKU-0016,29.99,10.0,Displays - Product 16,50,/assets/images/10x10ft_magnetic_modular_fabric_displays-c_45_degree_bbmgmfdlss08_1.png
10x10ft Magnetic Modular Fabric Displays E 45 Degree Bbmgmfdlsc10 1,Displays,SKU-0017,29.99,10.0,Displays - Product 17,50,/assets/images/10x10ft_magnetic_modular_fabric_displays-e_45_degree_bbmgmfdlsc10_1.png
13x10ft Magnetic Modular Fabric Displays A 45 Degree Bbmgmfdcs11 1,Displays,SKU-0018,29.99,10.0,Displays - Product 18,50,/assets/images/13x10ft-magnetic-modular-fabric-displays-a_45-degree_bbmgmfdcs11_1.png
13x10ft Magnetic Modular Fabric Displays B 45 Degree Bbmgmfdtsb12 1,Displays,SKU-0019,29.99,10.0,Displays - Product 19,50,/assets/images/13x10ft-magnetic-modular-fabric-displays-b_45-degree_bbmgmfdtsb12_1.png
13x13ft Magnetic Modular Fabric Displays A 45 Degree Bbmgmfdcis13 1,Displays,SKU-0020,29.99,10.0,Displays - Product 20,50,/assets/images/13x13ft-magnetic-modular-fabric-displays-a_45-degree_bbmgmfdcis13_1.png
13x13ft Magnetic Modular Fabric Displays B 45 Degree Bbmgmfdtis14 1,Displays,SKU-0021,29.99,10.0,Displays - Product 21,50,/assets/images/13x13ft-magnetic-modular-fabric-displays-b_45-degree_bbmgmfdtis14_1.png
13x13ft Magnetic Modular Fabric Displays C 45 Degree Bbmgmfddcls15 1,Displays,SKU-0022,29.99,10.0,Displays - Product 22,50,/assets/images/13x13ft_magnetic_modular_fabric_displays-c_45_degree_bbmgmfddcls15_1.png
1 4 1,Accessories,SKU-0023,29.99,10.0,Accessories - Product 23,50,/assets/images/1_4_1.jpg
20 Ft Backlit Trade Show Display Design 1 Product Image Bblntboo201 1 Us,Signs,SKU-0024,29.99,10.0,Signs - Product 24,50,/assets/images/20-ft-backlit-trade-show-display-design-1-product-image-bblntboo201_1_us.jpg
20 Ft Backlit Trade Show Display Design 3 Product Image Bblntboo203 1 Us,Signs,SKU-0025,29.99,10.0,Signs - Product 25,50,/assets/images/20-ft-backlit-trade-show-display-design-3-product-image-bblntboo203_1_us.jpg
20 Ft Backlit Trade Show Display Design 4 Product Image Bblntboo204 1 Us,Signs,SKU-0026,29.99,10.0,Signs - Product 26,50,/assets/images/20-ft-backlit-trade-show-display-design-4-product-image-bblntboo204_1_us.jpg
20 Ft Backlit Trade Show Display Design 5 Product Image Bblntboo205 1 Us,Signs,SKU-0027,29.99,10.0,Signs - Product 27,50,/assets/images/20-ft-backlit-trade-show-display-design-5-product-image-bblntboo205_1_us.jpg
20 Ft Backlit Trade Show Display Design 8 Product Image Bblntboo208 1 Us,Signs,SKU-0028,29.99,10.0,Signs - Product 28,50,/assets/images/20-ft-backlit-trade-show-display-design-8-product-image-bblntboo208_1_us.jpg
20 Ft Trade Show Booth Design 1 45 Degree Bbexbboo201 1 Us,Signs,SKU-0029,29.99,10.0,Signs - Product 29,50,/assets/images/20-ft-trade-show-booth-design-1-45-degree-bbexbboo201_1_us.jpg
20 Ft Trade Show Booth Design 10 45 Degree Bbexbboo223 1 Us,Signs,SKU-0030,29.99,10.0,Signs - Product 30,50,/assets/images/20-ft-trade-show-booth-design-10-45-degree-bbexbboo223_1_us.jpg
20 Ft Trade Show Booth Design 2 45 Degree Bbexbboo203 1 Us,Signs,SKU-0031,29.99,10.0,Signs - Product 31,50,/assets/images/20-ft-trade-show-booth-design-2-45-degree-bbexbboo203_1_us.jpg
20 Ft Trade Show Booth Design 3 45 Degree Bbexbboo204 1 Us,Signs,SKU-0032,29.99,10.0,Signs - Product 32,50,/assets/images/20-ft-trade-show-booth-design-3-45-degree-bbexbboo204_1_us.jpg
20 Ft Trade Show Booth Design 4 45 Degree Bbexbboo205 1 Us,Signs,SKU-0033,29.99,10.0,Signs - Product 33,50,/assets/images/20-ft-trade-show-booth-design-4-45-degree-bbexbboo205_1_us.jpg
20 Ft Trade Show Booth Design 5 45 Degree Bbexbboo206 1 Us,Signs,SKU-0034,29.99,10.0,Signs - Product 34,50,/assets/images/20-ft-trade-show-booth-design-5-45-degree-bbexbboo206_1_us.jpg
20 Ft Trade Show Booth Design 6 45 Degree Bbexbboo210 1 Us,Signs,SKU-0035,29.99,10.0,Signs - Product 35,50,/assets/images/20-ft-trade-show-booth-design-6-45-degree-bbexbboo210_1_us.jpg
20ft Inline Trade Show Booth Modular Fabric Display With Podium Shelves Led Lights First Image Bbexb,Displays,SKU-0036,29.99,10.0,Displays - Product 36,50,/assets/images/20ft-inline-trade-show-booth-modular-fabric-display-with-podium-shelves-led-lights-first-image-bbexbood121_1.jpg
250thidayprep C1 B1 0106 1406 Us Cb 1920x380 Accessories,Accessories,SKU-0037,29.99,10.0,Accessories - Product 37,50,/assets/images/250thIDayPrep_C1_B1_0106-1406_US_CB_1920x380_Accessories.jpg
250thidayprep C1 B1 0106 1406 Us Cb 1920x380 Banners,Banners,SKU-0038,29.99,10.0,Banners - Product 38,50,/assets/images/250thIDayPrep_C1_B1_0106-1406_US_CB_1920x380_Banners.jpg
250thidayprep C1 B1 0106 1406 Us Cb 1920x380 Custom Flags,Flags,SKU-0039,29.99,10.0,Flags - Product 39,50,/assets/images/250thIDayPrep_C1_B1_0106-1406_US_CB_1920x380_Custom_Flags.jpg
250thidayprep C1 B1 0106 1406 Us Cb 1920x380 Marketing Material,Accessories,SKU-0040,29.99,10.0,Accessories - Product 40,50,/assets/images/250thIDayPrep_C1_B1_0106-1406_US_CB_1920x380_Marketing_Material.jpg
250thidayprep C1 B1 0106 1406 Us Cb 1920x380 Table Covers Displays,Displays,SKU-0041,29.99,10.0,Displays - Product 41,50,/assets/images/250thIDayPrep_C1_B1_0106-1406_US_CB_1920x380_Table_covers___Displays.jpg
250thidayprep C1 B1 0106 1406 Us Cb 1920x380 Windowdecale,Decals,SKU-0042,29.99,10.0,Decals - Product 42,50,/assets/images/250thIDayPrep_C1_B1_0106-1406_US_CB_1920x380_WindowDecale.jpg
505 Convertible Adjustable Table Covers Lifestyle Image Cfmcat01 1 Us,Table Covers,SKU-0043,29.99,10.0,Table Covers - Product 43,50,/assets/images/505_convertible-adjustable-table-covers-lifestyle-image-cfmcat01_1_us.jpg
505 Cross Over Table Covers Lifestyle Image Cfmcot01 1 Us,Table Covers,SKU-0044,29.99,10.0,Table Covers - Product 44,50,/assets/images/505_cross-over-table-covers-lifestyle-image-cfmcot01_1_us.jpg
505 Fitted Table Covers Lifestyle Image Cfmftc01 1 Us,Table Covers,SKU-0045,29.99,10.0,Table Covers - Product 45,50,/assets/images/505_fitted-table-covers-lifestyle-image-cfmftc01_1_us.jpg
505 Open Corner Table Covers Lifestyle Image Bboctc01 1 Us,Table Covers,SKU-0046,29.99,10.0,Table Covers - Product 46,50,/assets/images/505_open-corner-table-covers-lifestyle-image-bboctc01_1_us.jpg
505 Pleated Banquet Chair Covers Lifestyle Image Bbpbcc01 1 Us,Table Covers,SKU-0047,29.99,10.0,Table Covers - Product 47,50,/assets/images/505_pleated-banquet-chair-covers-lifestyle-image-bbpbcc01_1_us.jpg
505 Pleated Table Covers Lifestyle Image Cfmptc01 1 Us,Table Covers,SKU-0048,29.99,10.0,Table Covers - Product 48,50,/assets/images/505_pleated-table-covers-lifestyle-image-cfmptc01_1_us.jpg
505 Premium Full Color Table Covers Throws Lifestyle Image Bbctct01 1 Us,Table Covers,SKU-0049,29.99,10.0,Table Covers - Product 49,50,/assets/images/505_premium-full-color-table-covers-throws-lifestyle-image-bbctct01_1_us.jpg
505 Rectangle Table Toppers Lifestyle Image Cfmtat01 1 Us,Table Covers,SKU-0050,29.99,10.0,Table Covers - Product 50,50,/assets/images/505_rectangle-table-toppers-lifestyle-image-cfmtat01_1_us.jpg
505 Round Fitted Table Covers Lifestyle Image Cfmrft01 1 Us,Table Covers,SKU-0051,29.99,10.0,Table Covers - Product 51,50,/assets/images/505_round-fitted-table-covers-lifestyle-image-cfmrft01_1_us.jpg
505 Round Stretch Table Covers Lifestyle Image Cfmrst01 1 Us,Table Covers,SKU-0052,29.99,10.0,Table Covers - Product 52,50,/assets/images/505_round-stretch-table-covers-lifestyle-image-cfmrst01_1_us.jpg
505 Round Table Throws Lifestyle Image Bbrtt01 1 Us,Table Covers,SKU-0053,29.99,10.0,Table Covers - Product 53,50,/assets/images/505_round-table-throws-lifestyle-image-bbrtt01_1_us.jpg
505 Round Table Toppers Lifestyle Image Cfmrsc01 1 Us,Table Covers,SKU-0054,29.99,10.0,Table Covers - Product 54,50,/assets/images/505_round-table-toppers-lifestyle-image-cfmrsc01_1_us.jpg
505 Stretch Table Covers Lifestyle Image Cfmstc01 1 Us,Table Covers,SKU-0055,29.99,10.0,Table Covers - Product 55,50,/assets/images/505_stretch-table-covers-lifestyle-image-cfmstc01_1_us.jpg
505 Stretched Banquet Chair Covers Lifestyle Image Bbsbcc01 1 Us,Table Covers,SKU-0056,29.99,10.0,Table Covers - Product 56,50,/assets/images/505_stretched-banquet-chair-covers-lifestyle-image-bbsbcc01_1_us.jpg
505 Table Runners Lifestyle Image Bbcstr01 1 Us,Table Covers,SKU-0057,29.99,10.0,Table Covers - Product 57,50,/assets/images/505_table-runners-lifestyle-image-bbcstr01_1_us.jpg
65x65ft Magnetic Modular Fabric Displays D 45 Degree Bbmgmfdsbs04 1,Displays,SKU-0058,29.99,10.0,Displays - Product 58,50,/assets/images/65x65ft-magnetic-modular-fabric-displays-d_45-degree_bbmgmfdsbs04_1.png
65x65ft Magnetic Modular Fabric Displays E 45 Degree Bbmgmfdcis05 1,Displays,SKU-0059,29.99,10.0,Displays - Product 59,50,/assets/images/65x65ft_magnetic_modular_fabric_displays-e_45_degree_bbmgmfdcis05_1.png
Acrylic Sfh 01 4460,Accessories,SKU-0060,29.99,10.0,Accessories - Product 60,50,/assets/images/Acrylic-SFH-01-4460.png
Bb Categorybanners Banners 20210201 4,Banners,SKU-0061,29.99,10.0,Banners - Product 61,50,/assets/images/BB_CategoryBanners_Banners_20210201_4.jpg
Bb Categorybanners Marketingmaterial 20210201 4,Banners,SKU-0062,29.99,10.0,Banners - Product 62,50,/assets/images/BB_CategoryBanners_MarketingMaterial_20210201_4.jpg
Bb Categorybanners Signsanddecals 20210201,Banners,SKU-0063,29.99,10.0,Banners - Product 63,50,/assets/images/BB_CategoryBanners_SignsandDecals_20210201.jpg
Businesscards 4467,Accessories,SKU-0064,29.99,10.0,Accessories - Product 64,50,/assets/images/Businesscards-4467.png
Campaign Thumb 01 5574,Accessories,SKU-0065,29.99,10.0,Accessories - Product 65,50,/assets/images/Campaign-Thumb-01-5574.png
Canvas 4564,Accessories,SKU-0066,29.99,10.0,Accessories - Product 66,50,/assets/images/Canvas-4564.png
Category Accsessories,Accessories,SKU-0067,29.99,10.0,Accessories - Product 67,50,/assets/images/Category-Accsessories.jpg
Customdecalsheroes Permanentdecals 8300,Decals,SKU-0068,29.99,10.0,Decals - Product 68,50,/assets/images/CustomDecalsHeroes-PermanentDecals-8300.jpg
Customdecalsheroes Vinyllettering 8301,Decals,SKU-0069,29.99,10.0,Decals - Product 69,50,/assets/images/CustomDecalsHeroes-VinylLettering-8301.jpg
Customdecalsheroes Walldecals 8302,Decals,SKU-0070,29.99,10.0,Decals - Product 70,50,/assets/images/CustomDecalsHeroes-WallDecals-8302.jpg
Customflags 01 4470,Flags,SKU-0071,29.99,10.0,Flags - Product 71,50,/assets/images/CustomFlags-01-4470.png
Fabricbanner 01 4471,Banners,SKU-0072,29.99,10.0,Banners - Product 72,50,/assets/images/FabricBanner-01-4471.png
Featherflags 01 4473,Flags,SKU-0073,29.99,10.0,Flags - Product 73,50,/assets/images/FeatherFlags-01-4473.png
Flags 1920x380px 1,Flags,SKU-0074,29.99,10.0,Flags - Product 74,50,/assets/images/Flags_1920x380px_1.png
Metalprints 01 4483,Accessories,SKU-0075,29.99,10.0,Accessories - Product 75,50,/assets/images/MetalPrints-01-4483.png
Promotional Magnets Thumbnail 7223,Accessories,SKU-0076,29.99,10.0,Accessories - Product 76,50,/assets/images/Promotional-Magnets-Thumbnail-7223.png
Real Estate Signs 14766,Signs,SKU-0077,29.99,10.0,Signs - Product 77,50,/assets/images/Real-Estate-Signs-14766.jpg
Respositionable Decal 01 4493,Decals,SKU-0078,29.99,10.0,Decals - Product 78,50,/assets/images/Respositionable-Decal-01-4493.png
Retail 01 4495,Accessories,SKU-0079,29.99,10.0,Accessories - Product 79,50,/assets/images/Retail-01-4495.png
Retractable 4496,Table Covers,SKU-0080,29.99,10.0,Table Covers - Product 80,50,/assets/images/Retractable-4496.png
Rigidplastic 01 4497,Accessories,SKU-0081,29.99,10.0,Accessories - Product 81,50,/assets/images/RigidPlastic-01-4497.png
Standardaluminum 01 4498,Accessories,SKU-0082,29.99,10.0,Accessories - Product 82,50,/assets/images/StandardAluminum-01-4498.png
Step N Repeat 01 4499,Accessories,SKU-0083,29.99,10.0,Accessories - Product 83,50,/assets/images/Step-N-Repeat-01-4499.png
Stickers Top Nav Image 01 6794,Accessories,SKU-0084,29.99,10.0,Accessories - Product 84,50,/assets/images/Stickers-Top-Nav-Image-01-6794.png
Table Covers Al Hero 10927 Thumbnail2x,Table Covers,SKU-0085,29.99,10.0,Table Covers - Product 85,50,/assets/images/Table-Covers-AL-Hero-10927_Thumbnail2x.jpg
Table Covers Displays 1920x380px 1,Displays,SKU-0086,29.99,10.0,Displays - Product 86,50,/assets/images/Table_Covers_Displays_1920x380px_1.png
Teardropflag 01 4503,Flags,SKU-0087,29.99,10.0,Flags - Product 87,50,/assets/images/TeardropFlag-01-4503.png
Tradeshow Display Budget Friendly 1,Displays,SKU-0088,29.99,10.0,Displays - Product 88,50,/assets/images/Tradeshow-Display-Budget-Friendly_1.jpg
Tradeshow Display Sizes 9,Displays,SKU-0089,29.99,10.0,Displays - Product 89,50,/assets/images/Tradeshow-Display-Sizes_9.jpg
Tradeshow Display Types 9,Displays,SKU-0090,29.99,10.0,Displays - Product 90,50,/assets/images/Tradeshow-Display-Types_9.jpg
Vehicle Magnets 01 4513,Accessories,SKU-0091,29.99,10.0,Accessories - Product 91,50,/assets/images/Vehicle-Magnets-01-4513.png
Vinyl Lettering 01 4514,Accessories,SKU-0092,29.99,10.0,Accessories - Product 92,50,/assets/images/Vinyl-Lettering-01-4514.png
Vinyl Banner Real Estate Signs A,Banners,SKU-0093,29.99,10.0,Banners - Product 93,50,/assets/images/Vinyl_Banner_Real-Estate_Signs_A.jpg
Windowdecals Perforated 4523,Decals,SKU-0094,29.99,10.0,Decals - Product 94,50,/assets/images/WindowDecals-Perforated-4523.png
Yardsign 01 4526,Signs,SKU-0095,29.99,10.0,Signs - Product 95,50,/assets/images/YardSign-01-4526.png
A101 Bbcanb01 1 Us,Accessories,SKU-0096,29.99,10.0,Accessories - Product 96,50,/assets/images/a101_bbcanb01_1_us.jpg
A101 Bbcdcd01 1 Us,Accessories,SKU-0097,29.99,10.0,Accessories - Product 97,50,/assets/images/a101_bbcdcd01_1_us.jpg
A101 Bbcfmpf 1 Us,Accessories,SKU-0098,29.99,10.0,Accessories - Product 98,50,/assets/images/a101_bbcfmpf_1_us.jpg
A101 Bbclc01 1 Us,Accessories,SKU-0099,29.99,10.0,Accessories - Product 99,50,/assets/images/a101_bbclc01_1_us.jpg
A101 Bbcm01 1 Us,Accessories,SKU-0100,29.99,10.0,Accessories - Product 100,50,/assets/images/a101_bbcm01_1_us.jpg
A101 Bbcusf01 1 Us,Accessories,SKU-0101,29.99,10.0,Accessories - Product 101,50,/assets/images/a101_bbcusf01_1_us.jpg
A101 Bbdh01 1 Us,Accessories,SKU-0102,29.99,10.0,Accessories - Product 102,50,/assets/images/a101_bbdh01_1_us.jpg
A101 Bbdsfb01 1 Us,Accessories,SKU-0103,29.99,10.0,Accessories - Product 103,50,/assets/images/a101_bbdsfb01_1_us.jpg
A101 Bbevt01 1 Us,Accessories,SKU-0104,29.99,10.0,Accessories - Product 104,50,/assets/images/a101_bbevt01_1_us.jpg
A101 Bbfdsc01 1 Us,Accessories,SKU-0105,29.99,10.0,Accessories - Product 105,50,/assets/images/a101_bbfdsc01_1_us.jpg
A101 Bbfdsc02 1 Us,Accessories,SKU-0106,29.99,10.0,Accessories - Product 106,50,/assets/images/a101_bbfdsc02_1_us.jpg
A101 Bbhcbb01 1 Us,Accessories,SKU-0107,29.99,10.0,Accessories - Product 107,50,/assets/images/a101_bbhcbb01_1_us.jpg
A101 Bbly01 1 Us,Accessories,SKU-0108,29.99,10.0,Accessories - Product 108,50,/assets/images/a101_bbly01_1_us.jpg
A101 Bbmesf01 1 Us,Accessories,SKU-0109,29.99,10.0,Accessories - Product 109,50,/assets/images/a101_bbmesf01_1_us.jpg
A101 Bbnp01 1 Us,Accessories,SKU-0110,29.99,10.0,Accessories - Product 110,50,/assets/images/a101_bbnp01_1_us.jpg
A101 Bbosc01 1 Us,Accessories,SKU-0111,29.99,10.0,Accessories - Product 111,50,/assets/images/a101_bbosc01_1_us.jpg
A101 Bbpklb01 1 Us,Accessories,SKU-0112,29.99,10.0,Accessories - Product 112,50,/assets/images/a101_bbpklb01_1_us.jpg
A101 Bbprpp01 1 Us,Accessories,SKU-0113,29.99,10.0,Accessories - Product 113,50,/assets/images/a101_bbprpp01_1_us.jpg
A101 Bbpst01 1 Us,Accessories,SKU-0114,29.99,10.0,Accessories - Product 114,50,/assets/images/a101_bbpst01_1_us.jpg
A101 Bbpsvd02 1 Us,Accessories,SKU-0115,29.99,10.0,Accessories - Product 115,50,/assets/images/a101_bbpsvd02_1_us.jpg
A101 Bbpsvl01 2 Us,Accessories,SKU-0116,29.99,10.0,Accessories - Product 116,50,/assets/images/a101_bbpsvl01_2_us.jpg
A101 Bbrc01 1 Us,Accessories,SKU-0117,29.99,10.0,Accessories - Product 117,50,/assets/images/a101_bbrc01_1_us.jpg
A101 Bbrdipf02 1 Us,Accessories,SKU-0118,29.99,10.0,Accessories - Product 118,50,/assets/images/a101_bbrdipf02_1_us.jpg
A101 Bbrdpf02 1 Us,Accessories,SKU-0119,29.99,10.0,Accessories - Product 119,50,/assets/images/a101_bbrdpf02_1_us.jpg
A101 Bbsbc01 1 Us,Accessories,SKU-0120,29.99,10.0,Accessories - Product 120,50,/assets/images/a101_bbsbc01_1_us.jpg
A101 Bbsks01 1 Us,Accessories,SKU-0121,29.99,10.0,Accessories - Product 121,50,/assets/images/a101_bbsks01_1_us.jpg
A101 Bbspc01 1 Us,Accessories,SKU-0122,29.99,10.0,Accessories - Product 122,50,/assets/images/a101_bbspc01_1_us.jpg
A101 Bbtc01 1 Us,Accessories,SKU-0123,29.99,10.0,Accessories - Product 123,50,/assets/images/a101_bbtc01_1_us.jpg
A101 Bbvehl01 2 Us,Accessories,SKU-0124,29.99,10.0,Accessories - Product 124,50,/assets/images/a101_bbvehl01_2_us.jpg
A101 Bbwblb01 1 Us,Accessories,SKU-0125,29.99,10.0,Accessories - Product 125,50,/assets/images/a101_bbwblb01_1_us.jpg
A101 Bbwd01 1 Us,Accessories,SKU-0126,29.99,10.0,Accessories - Product 126,50,/assets/images/a101_bbwd01_1_us.jpg
A101 Bbwinl01 2 Us,Accessories,SKU-0127,29.99,10.0,Accessories - Product 127,50,/assets/images/a101_bbwinl01_2_us.jpg
A101 Esmefr01 1 Us,Accessories,SKU-0128,29.99,10.0,Accessories - Product 128,50,/assets/images/a101_esmefr01_1_us.jpg
A101 Essdbl01 1 Us,Accessories,SKU-0129,29.99,10.0,Accessories - Product 129,50,/assets/images/a101_essdbl01_1_us.jpg
A101 Essdwh01 1 Us,Accessories,SKU-0130,29.99,10.0,Accessories - Product 130,50,/assets/images/a101_essdwh01_1_us.jpg
A101 Hctt01 1 Us,Accessories,SKU-0131,29.99,10.0,Accessories - Product 131,50,/assets/images/a101_hctt01_1_us.jpg
A101 Naltsb02 1 Us,Accessories,SKU-0132,29.99,10.0,Accessories - Product 132,50,/assets/images/a101_naltsb02_1_us.jpg
A101 Naltsb04 1 Us,Accessories,SKU-0133,29.99,10.0,Accessories - Product 133,50,/assets/images/a101_naltsb04_1_us.jpg
A101 Upbopr01 1 Us,Accessories,SKU-0134,29.99,10.0,Accessories - Product 134,50,/assets/images/a101_upbopr01_1_us.jpg
A101 Upbufy01 1 Us,Accessories,SKU-0135,29.99,10.0,Accessories - Product 135,50,/assets/images/a101_upbufy01_1_us.jpg
A101 Upbufy02 1 Us,Accessories,SKU-0136,29.99,10.0,Accessories - Product 136,50,/assets/images/a101_upbufy02_1_us.jpg
A101 Upclfl01 1 Us,Accessories,SKU-0137,29.99,10.0,Accessories - Product 137,50,/assets/images/a101_upclfl01_1_us.jpg
A101 Upctsl01 1 Us,Accessories,SKU-0138,29.99,10.0,Accessories - Product 138,50,/assets/images/a101_upctsl01_1_us.jpg
A101 Updcbc06 1 Us,Accessories,SKU-0139,29.99,10.0,Accessories - Product 139,50,/assets/images/a101_updcbc06_1_us.jpg
Acrylic Letters And Numbers Lifestyle Image Bbrdal01 1 Us,Accessories,SKU-0140,29.99,10.0,Accessories - Product 140,50,/assets/images/acrylic-letters-and-numbers-lifestyle-image-bbrdal01_1_us.jpg
Alc202 Bbbun01 1 Us,Accessories,SKU-0141,29.99,10.0,Accessories - Product 141,50,/assets/images/alc202_bbbun01_1_us.jpg
Alc202 Bbnr01 1,Accessories,SKU-0142,29.99,10.0,Accessories - Product 142,50,/assets/images/alc202_bbnr01_1.jpg
Alc202 Bbsg01 1 Us,Accessories,SKU-0143,29.99,10.0,Accessories - Product 143,50,/assets/images/alc202_bbsg01_1_us.jpg
Alc202 Bbzt01 1 Us,Accessories,SKU-0144,29.99,10.0,Accessories - Product 144,50,/assets/images/alc202_bbzt01_1_us.jpg
Backlit Banner Lifestyle Bbblit01 1,Banners,SKU-0145,29.99,10.0,Banners - Product 145,50,/assets/images/backlit-banner-lifestyle-bbblit01_1.jpg
Bbbct01 1,Accessories,SKU-0146,29.99,10.0,Accessories - Product 146,50,/assets/images/bbbct01_1.jpg
Bbcdsc02 Car Decals Stickers Clear 1,Decals,SKU-0147,29.99,10.0,Decals - Product 147,50,/assets/images/bbcdsc02_car-decals-stickers-clear_1.jpg
Bbcdscdc02 Die Cut Car Decals Stickers Clear R,Decals,SKU-0148,29.99,10.0,Decals - Product 148,50,/assets/images/bbcdscdc02_die-cut-car-decals--stickers-_clear_-r.jpg
Bbexbood01 1,Accessories,SKU-0149,29.99,10.0,Accessories - Product 149,50,/assets/images/bbexbood01-1.jpg
Bbexbood122 1,Accessories,SKU-0150,29.99,10.0,Accessories - Product 150,50,/assets/images/bbexbood122-1.jpg
Bbexbood211 1,Accessories,SKU-0151,29.99,10.0,Accessories - Product 151,50,/assets/images/bbexbood211-1.jpg
Bbexbood221 1,Accessories,SKU-0152,29.99,10.0,Accessories - Product 152,50,/assets/images/bbexbood221-1.jpg
Bbexbood311 1,Accessories,SKU-0153,29.99,10.0,Accessories - Product 153,50,/assets/images/bbexbood311-1.jpg
Bbexbood321 1 1,Accessories,SKU-0154,29.99,10.0,Accessories - Product 154,50,/assets/images/bbexbood321-1_1.jpg
Bbexbood521 1,Accessories,SKU-0155,29.99,10.0,Accessories - Product 155,50,/assets/images/bbexbood521-1.jpg
Bbexbood621 1,Accessories,SKU-0156,29.99,10.0,Accessories - Product 156,50,/assets/images/bbexbood621-1.jpg
Bbexbood721 1,Accessories,SKU-0157,29.99,10.0,Accessories - Product 157,50,/assets/images/bbexbood721-1.jpg
Bbpls05 1,Accessories,SKU-0158,29.99,10.0,Accessories - Product 158,50,/assets/images/bbpls05_1.jpg
Bbprf01 1 Us N,Accessories,SKU-0159,29.99,10.0,Accessories - Product 159,50,/assets/images/bbprf01_1_us_n.jpg
Bbrefl01 1 Us 1,Accessories,SKU-0160,29.99,10.0,Accessories - Product 160,50,/assets/images/bbrefl01_1_us_1.jpg
Beauty Salon Neon Signs Lifestyle Image 1 Bbbsns15 1 Us,Signs,SKU-0161,29.99,10.0,Signs - Product 161,50,/assets/images/beauty-salon-neon-signs-lifestyle-image-1-bbbsns15_1_us.jpg
Billboard Printing Lifestyle Bbvbbp01 1,Accessories,SKU-0162,29.99,10.0,Accessories - Product 162,50,/assets/images/billboard-printing-lifestyle-bbvbbp01_1.jpg
Breakaway Banner Lifestyle Bbbraw01 1,Banners,SKU-0163,29.99,10.0,Banners - Product 163,50,/assets/images/breakaway-banner-lifestyle-bbbraw01_1.jpg
Bubble Free Car Decal Bb 09,Decals,SKU-0164,29.99,10.0,Decals - Product 164,50,/assets/images/bubble-free-car-decal-bb-09.jpg
Bubble Free Car Decal Die Cut 1,Decals,SKU-0165,29.99,10.0,Decals - Product 165,50,/assets/images/bubble-free-car-decal-die-cut-1.jpg
Bubble Free Vinyl Decals Lifestyle Image Bbgpsvd01 1 Us,Decals,SKU-0166,29.99,10.0,Decals - Product 166,50,/assets/images/bubble-free-vinyl-decals-lifestyle-image-bbgpsvd01_1_us.jpg
Bubble Free Window Decals Lifestyle Bbgdldo01 1 Us 1,Decals,SKU-0167,29.99,10.0,Decals - Product 167,50,/assets/images/bubble-free-window-decals-lifestyle-bbgdldo01_1_us_1.jpg
Bumper Stickers4,Accessories,SKU-0168,29.99,10.0,Accessories - Product 168,50,/assets/images/bumper-stickers4.jpg
Car Decals Stickers Opaque 0,Decals,SKU-0169,29.99,10.0,Decals - Product 169,50,/assets/images/car-decals-stickers-opaque-0.jpg
Car Decals Stickers Opaque Flash Cut 0,Decals,SKU-0170,29.99,10.0,Decals - Product 170,50,/assets/images/car-decals-stickers-opaque-flash-cut-0.jpg
Cfmswf01 1 Us 1,Accessories,SKU-0171,29.99,10.0,Accessories - Product 171,50,/assets/images/cfmswf01_1_us_1.jpg
Cfmttb01 1 Us,Accessories,SKU-0172,29.99,10.0,Accessories - Product 172,50,/assets/images/cfmttb01_1_us.jpg
Cfmttb02 1 Us 1,Accessories,SKU-0173,29.99,10.0,Accessories - Product 173,50,/assets/images/cfmttb02_1_us_1.jpg
Cfmttb03 1 Us,Accessories,SKU-0174,29.99,10.0,Accessories - Product 174,50,/assets/images/cfmttb03_1_us.jpg
Christmas Neon Signs Lifestyle Image 1 Bbcns N03 1 Us,Signs,SKU-0175,29.99,10.0,Signs - Product 175,50,/assets/images/christmas-neon-signs-lifestyle-image-1-bbcns-n03_1_us.jpg
Church Home 1,Accessories,SKU-0176,29.99,10.0,Accessories - Product 176,50,/assets/images/church-_-home-1.jpg
Circlestickers 1,Accessories,SKU-0177,29.99,10.0,Accessories - Product 177,50,/assets/images/circlestickers_1.jpg
Clear 8233,Accessories,SKU-0178,29.99,10.0,Accessories - Product 178,50,/assets/images/clear-8233.jpg
Clear Window Clings Lifestyle Bbwssc01 1 Us 2,Accessories,SKU-0179,29.99,10.0,Accessories - Product 179,50,/assets/images/clear-window-clings-lifestyle-bbwssc01_1_us_2.jpg
Compact Display Package Front View Bbtsp04 1 Us,Displays,SKU-0180,29.99,10.0,Displays - Product 180,50,/assets/images/compact-display-package-front-view-bbtsp04_1_us.jpg
Counter Card Thumb 6587,Accessories,SKU-0181,29.99,10.0,Accessories - Product 181,50,/assets/images/counter-card-thumb-6587.png
Curbside Pick Up 1,Accessories,SKU-0182,29.99,10.0,Accessories - Product 182,50,/assets/images/curbside-pick-up-1.jpg
Custom Led Logo Neon Signs Lifestyle Image 1 Bbnslns001 1 Us,Signs,SKU-0183,29.99,10.0,Signs - Product 183,50,/assets/images/custom-led-logo-neon-signs-lifestyle-image-1-bbnslns001_1_us.jpg
Custom License Plates New,Accessories,SKU-0184,29.99,10.0,Accessories - Product 184,50,/assets/images/custom-license-plates-new.jpg
Custom Premium Vinyl Banner,Banners,SKU-0185,29.99,10.0,Banners - Product 185,50,/assets/images/custom-premium-vinyl-banner.jpg
Custom Table Skirt Lifestyle Image Bbcskirt01 1 Us V1,Table Covers,SKU-0186,29.99,10.0,Table Covers - Product 186,50,/assets/images/custom-table-skirt-lifestyle-image-bbcskirt01_1_us_v1.jpg
Customstickers 1,Accessories,SKU-0187,29.99,10.0,Accessories - Product 187,50,/assets/images/customstickers_1.jpg
Destructible Asset Labels Lifestyle Bbassettag06 1 Us Ni,Accessories,SKU-0188,29.99,10.0,Accessories - Product 188,50,/assets/images/destructible-asset-labels-lifestyle-bbassettag06_1_us_ni.jpg
Die Cut Clear Window Clings Lifestyle Bbcdsc01 1 Us 1,Accessories,SKU-0189,29.99,10.0,Accessories - Product 189,50,/assets/images/die-cut-clear-window-clings-lifestyle-bbcdsc01_1_us_1.jpg
Die Cut Clear Window Decals Lifestyle Bbwsdc02 1 Us 1,Decals,SKU-0190,29.99,10.0,Decals - Product 190,50,/assets/images/die-cut-clear-window-decals-lifestyle-bbwsdc02_1_us_1.jpg
Die Cut Decals Lifestyle Image Bbdcd01 1 Us,Decals,SKU-0191,29.99,10.0,Decals - Product 191,50,/assets/images/die-cut-decals-lifestyle-image-bbdcd01_1_us.jpg
Die Cut Opaque Window Clings Lifestyle Bbodsc01 1 Us 1,Accessories,SKU-0192,29.99,10.0,Accessories - Product 192,50,/assets/images/die-cut-opaque-window-clings-lifestyle-bbodsc01_1_us_1.jpg
Die Cut Window Decals Opaque Lifestyle Bbdldodc01 1 Us 1,Decals,SKU-0193,29.99,10.0,Decals - Product 193,50,/assets/images/die-cut-window-decals-opaque-lifestyle-bbdldodc01_1_us_1.jpg
Diecutstickers 1,Accessories,SKU-0194,29.99,10.0,Accessories - Product 194,50,/assets/images/diecutstickers_1.jpg
Display Package For 20 Ft X 10 Ft Trade Show Booth Front View Bbtsp06 1 Us,Displays,SKU-0195,29.99,10.0,Displays - Product 195,50,/assets/images/display-package-for-20-ft-x-10-ft-trade-show-booth-front-view-bbtsp06_1_us.jpg
Fab Icon,Accessories,SKU-0196,29.99,10.0,Accessories - Product 196,50,/assets/images/fab-icon.png
Gaming Neon Signs Lifestyle Image 1 Bbgns N11 1 Us,Signs,SKU-0197,29.99,10.0,Signs - Product 197,50,/assets/images/gaming-neon-signs-lifestyle-image-1-bbgns-n11_1_us.jpg
Gmgfgp01 1 Us V1,Accessories,SKU-0198,29.99,10.0,Accessories - Product 198,50,/assets/images/gmgfgp01_1_us_v1.jpg
Halloween Neon Signs Lifestyle Image 1 Bbhns N04 1 Us,Signs,SKU-0199,29.99,10.0,Signs - Product 199,50,/assets/images/halloween-neon-signs-lifestyle-image-1-bbhns-n04_1_us.jpg
Halo Lit Acrylic Letters Letters Letters Lifestyle Image Albllnled01 1 Us,Accessories,SKU-0200,29.99,10.0,Accessories - Product 200,50,/assets/images/halo-lit-acrylic-letters-letters-letters-lifestyle-image-albllnled01_1_us.jpg
Halo Lit Brass Letters Lifestyle Image Albllnled05 1 Us,Accessories,SKU-0201,29.99,10.0,Accessories - Product 201,50,/assets/images/halo-lit-brass-letters-lifestyle-image-albllnled05_1_us.jpg
Inspirational Neon Signs Lifestyle Image 1 Bbins N07 1 Us,Signs,SKU-0202,29.99,10.0,Signs - Product 202,50,/assets/images/inspirational-neon-signs-lifestyle-image-1-bbins-n07_1_us.jpg
Keep Out 1,Accessories,SKU-0203,29.99,10.0,Accessories - Product 203,50,/assets/images/keep-out-1.jpg
Kids Neon Signs Lifestyle Image 1 Bbkns N10 1 Us,Signs,SKU-0204,29.99,10.0,Signs - Product 204,50,/assets/images/kids-neon-signs-lifestyle-image-1-bbkns-n10_1_us.jpg
Laminated Barcode Labels Lifestyle Bbassettag08 1 Us Ni,Accessories,SKU-0205,29.99,10.0,Accessories - Product 205,50,/assets/images/laminated-barcode-labels-lifestyle-bbassettag08_1_us_ni.jpg
Led Acrylic Letters Letters Lifestyle Image Albllnled02 1 Us,Accessories,SKU-0206,29.99,10.0,Accessories - Product 206,50,/assets/images/led-acrylic-letters-letters-lifestyle-image-albllnled02_1_us.jpg
Logo 48,Accessories,SKU-0207,29.99,10.0,Accessories - Product 207,50,/assets/images/logo_48.png
Mag101 Bbcms01 1 Us,Accessories,SKU-0208,29.99,10.0,Accessories - Product 208,50,/assets/images/mag101_bbcms01_1_us.jpg
Mag101 Bbmssg01 1 Us,Accessories,SKU-0209,29.99,10.0,Accessories - Product 209,50,/assets/images/mag101_bbmssg01_1_us.jpg
Mag101 Bbmsvm01 1 Us,Accessories,SKU-0210,29.99,10.0,Accessories - Product 210,50,/assets/images/mag101_bbmsvm01_1_us.jpg
Metal Asset Labels Aluminum Flexicurve Lifestyle Bbassettag12 1 Us Ni,Accessories,SKU-0211,29.99,10.0,Accessories - Product 211,50,/assets/images/metal-asset-labels-aluminum-flexicurve-lifestyle-bbassettag12_1_us_ni.jpg
Metal Asset Labels Aluminum Foil Lifestyle Bbassettag02 1 Us Ni,Accessories,SKU-0212,29.99,10.0,Accessories - Product 212,50,/assets/images/metal-asset-labels-aluminum-foil-lifestyle-bbassettag02_1_us_ni.jpg
Metal Asset Tags Aluminum Lifestyle Bbassettag01 1 Us Ni,Accessories,SKU-0213,29.99,10.0,Accessories - Product 213,50,/assets/images/metal-asset-tags-aluminum-lifestyle-bbassettag01_1_us_ni.jpg
Metal Barcode Labels Lifestyle Bbassettag07 1 Us Ni,Accessories,SKU-0214,29.99,10.0,Accessories - Product 214,50,/assets/images/metal-barcode-labels-lifestyle-bbassettag07_1_us_ni.jpg
N01 Bbbgfg01 1 Us,Accessories,SKU-0215,29.99,10.0,Accessories - Product 215,50,/assets/images/n01_bbbgfg01_1_us.jpg
N01 Bbcarf01 1 Us,Accessories,SKU-0216,29.99,10.0,Accessories - Product 216,50,/assets/images/n01_bbcarf01_1_us.jpg
N01 Bbcfmbpf03 1 Us,Accessories,SKU-0217,29.99,10.0,Accessories - Product 217,50,/assets/images/n01_bbcfmbpf03_1_us.jpg
N01 Bbcfmcf03 1 Us,Accessories,SKU-0218,29.99,10.0,Accessories - Product 218,50,/assets/images/n01_bbcfmcf03_1_us.jpg
N01 Bbcfmgnf 1 Us,Accessories,SKU-0219,29.99,10.0,Accessories - Product 219,50,/assets/images/n01_bbcfmgnf_1_us.jpg
N01 Bbcfmhf 1 Us,Accessories,SKU-0220,29.99,10.0,Accessories - Product 220,50,/assets/images/n01_bbcfmhf_1_us.jpg
N01 Bbcvfg01 1 Us,Accessories,SKU-0221,29.99,10.0,Accessories - Product 221,50,/assets/images/n01_bbcvfg01_1_us.jpg
N01 Bbfrfg01 1 Us,Accessories,SKU-0222,29.99,10.0,Accessories - Product 222,50,/assets/images/n01_bbfrfg01_1_us.jpg
N01 Bbfrfgm02 1 Us,Accessories,SKU-0223,29.99,10.0,Accessories - Product 223,50,/assets/images/n01_bbfrfgm02_1_us.jpg
N01 Bbhcfmhf 1 Us,Accessories,SKU-0224,29.99,10.0,Accessories - Product 224,50,/assets/images/n01_bbhcfmhf_1_us.jpg
N01 Bblf01 1 Us,Accessories,SKU-0225,29.99,10.0,Accessories - Product 225,50,/assets/images/n01_bblf01_1_us.jpg
N01 Bbppff04 1 Us,Accessories,SKU-0226,29.99,10.0,Accessories - Product 226,50,/assets/images/n01_bbppff04_1_us.jpg
N01 Bbppff08 1 Us,Accessories,SKU-0227,29.99,10.0,Accessories - Product 227,50,/assets/images/n01_bbppff08_1_us.jpg
N01 Bbppff09 1 Us,Accessories,SKU-0228,29.99,10.0,Accessories - Product 228,50,/assets/images/n01_bbppff09_1_us.jpg
N01 Bbrmtf01 1 Us,Accessories,SKU-0229,29.99,10.0,Accessories - Product 229,50,/assets/images/n01_bbrmtf01_1_us.jpg
N01 Bbsfif01 1 Us,Accessories,SKU-0230,29.99,10.0,Accessories - Product 230,50,/assets/images/n01_bbsfif01_1_us.jpg
N01 Bbtrfg01 1 Us,Accessories,SKU-0231,29.99,10.0,Accessories - Product 231,50,/assets/images/n01_bbtrfg01_1_us.jpg
N01 Wsrdpf01 1 Us,Accessories,SKU-0232,29.99,10.0,Accessories - Product 232,50,/assets/images/n01_wsrdpf01_1_us.jpg
N0 Bbcb01 1 Us,Accessories,SKU-0233,29.99,10.0,Accessories - Product 233,50,/assets/images/n0_bbcb01_1_us.jpg
N0 Bbcfmbpf 1 Us,Accessories,SKU-0234,29.99,10.0,Accessories - Product 234,50,/assets/images/n0_bbcfmbpf_1_us.jpg
N0 Bbcfmcf02 1 Us,Accessories,SKU-0235,29.99,10.0,Accessories - Product 235,50,/assets/images/n0_bbcfmcf02_1_us.jpg
N0 Bbcfmcf 1 Us,Accessories,SKU-0236,29.99,10.0,Accessories - Product 236,50,/assets/images/n0_bbcfmcf_1_us.jpg
N0 Bbcfmdf02 1 Us,Accessories,SKU-0237,29.99,10.0,Accessories - Product 237,50,/assets/images/n0_bbcfmdf02_1_us.jpg
N0 Bbcfmdf 1 Us,Accessories,SKU-0238,29.99,10.0,Accessories - Product 238,50,/assets/images/n0_bbcfmdf_1_us.jpg
N0 Bbcfmgf01 1 Us,Accessories,SKU-0239,29.99,10.0,Accessories - Product 239,50,/assets/images/n0_bbcfmgf01_1_us.jpg
N0 Bbcfmgf02 1 Us,Accessories,SKU-0240,29.99,10.0,Accessories - Product 240,50,/assets/images/n0_bbcfmgf02_1_us.jpg
N0 Bbcfmscf02 1 Us,Accessories,SKU-0241,29.99,10.0,Accessories - Product 241,50,/assets/images/n0_bbcfmscf02_1_us.jpg
N0 Bbcfmscf 1 Us,Accessories,SKU-0242,29.99,10.0,Accessories - Product 242,50,/assets/images/n0_bbcfmscf_1_us.jpg
N0 Bbmesb01 1 Us,Accessories,SKU-0243,29.99,10.0,Accessories - Product 243,50,/assets/images/n0_bbmesb01_1_us.jpg
N0 Bbpls07 1,Accessories,SKU-0244,29.99,10.0,Accessories - Product 244,50,/assets/images/n0_bbpls07_1.jpg
N0 Bbpls24 1,Accessories,SKU-0245,29.99,10.0,Accessories - Product 245,50,/assets/images/n0_bbpls24_1.jpg
N0 Bbpolb01 2 Us,Accessories,SKU-0246,29.99,10.0,Accessories - Product 246,50,/assets/images/n0_bbpolb01_2_us.jpg
N0 Bbppff01 1 Us,Accessories,SKU-0247,29.99,10.0,Accessories - Product 247,50,/assets/images/n0_bbppff01_1_us.jpg
N0 Bbppff02 1 Us,Accessories,SKU-0248,29.99,10.0,Accessories - Product 248,50,/assets/images/n0_bbppff02_1_us.jpg
N0 Bbppff03 1 Us,Accessories,SKU-0249,29.99,10.0,Accessories - Product 249,50,/assets/images/n0_bbppff03_1_us.jpg
N0 Bbppff05 1 Us,Accessories,SKU-0250,29.99,10.0,Accessories - Product 250,50,/assets/images/n0_bbppff05_1_us.jpg
N0 Bbppff06 1 Us,Accessories,SKU-0251,29.99,10.0,Accessories - Product 251,50,/assets/images/n0_bbppff06_1_us.jpg
N0 Bbppff07 1 Us,Accessories,SKU-0252,29.99,10.0,Accessories - Product 252,50,/assets/images/n0_bbppff07_1_us.jpg
N0 Bbrdhd01 1 Us,Accessories,SKU-0253,29.99,10.0,Accessories - Product 253,50,/assets/images/n0_bbrdhd01_1_us.jpg
N0 Bbrmbb01 1 Us,Accessories,SKU-0254,29.99,10.0,Accessories - Product 254,50,/assets/images/n0_bbrmbb01_1_us.jpg
N0 Bbrmob01 1 Us,Accessories,SKU-0255,29.99,10.0,Accessories - Product 255,50,/assets/images/n0_bbrmob01_1_us.jpg
N0 Bbrmsb01 1 Us,Accessories,SKU-0256,29.99,10.0,Accessories - Product 256,50,/assets/images/n0_bbrmsb01_1_us.jpg
N0 Bbrmss01 1 Us,Accessories,SKU-0257,29.99,10.0,Accessories - Product 257,50,/assets/images/n0_bbrmss01_1_us.jpg
N0 Bbspb01 1 Us,Accessories,SKU-0258,29.99,10.0,Accessories - Product 258,50,/assets/images/n0_bbspb01_1_us.jpg
N0 Bbvbbb01 1 Us,Accessories,SKU-0259,29.99,10.0,Accessories - Product 259,50,/assets/images/n0_bbvbbb01_1_us.jpg
N0 Bbvbbb02 1 Us,Accessories,SKU-0260,29.99,10.0,Accessories - Product 260,50,/assets/images/n0_bbvbbb02_1_us.jpg
N0 Bbvbbb03 1 Us,Accessories,SKU-0261,29.99,10.0,Accessories - Product 261,50,/assets/images/n0_bbvbbb03_1_us.jpg
N0 Bbvbbb04 1 Us,Accessories,SKU-0262,29.99,10.0,Accessories - Product 262,50,/assets/images/n0_bbvbbb04_1_us.jpg
N0 Bbvbbb05 1 Us,Accessories,SKU-0263,29.99,10.0,Accessories - Product 263,50,/assets/images/n0_bbvbbb05_1_us.jpg
N0 Bbvbbb06 1 Us,Accessories,SKU-0264,29.99,10.0,Accessories - Product 264,50,/assets/images/n0_bbvbbb06_1_us.jpg
N0 Bbvbbb07 1 Us,Accessories,SKU-0265,29.99,10.0,Accessories - Product 265,50,/assets/images/n0_bbvbbb07_1_us.jpg
N0 Bbvbbb08 1 Us,Accessories,SKU-0266,29.99,10.0,Accessories - Product 266,50,/assets/images/n0_bbvbbb08_1_us.jpg
N0 Bbvbcb00 1 Us,Accessories,SKU-0267,29.99,10.0,Accessories - Product 267,50,/assets/images/n0_bbvbcb00_1_us.jpg
N0 Bbvbcb01 1 Us,Accessories,SKU-0268,29.99,10.0,Accessories - Product 268,50,/assets/images/n0_bbvbcb01_1_us.jpg
N0 Bbvbcb02 1 Us,Accessories,SKU-0269,29.99,10.0,Accessories - Product 269,50,/assets/images/n0_bbvbcb02_1_us.jpg
N0 Bbvbcb05 1 Us,Accessories,SKU-0270,29.99,10.0,Accessories - Product 270,50,/assets/images/n0_bbvbcb05_1_us.jpg
N0 Bbvbcb06 1 Us,Accessories,SKU-0271,29.99,10.0,Accessories - Product 271,50,/assets/images/n0_bbvbcb06_1_us.jpg
N0 Bbvbcb10 1 Us,Accessories,SKU-0272,29.99,10.0,Accessories - Product 272,50,/assets/images/n0_bbvbcb10_1_us.jpg
N0 Bbvbhb01 1 Us,Accessories,SKU-0273,29.99,10.0,Accessories - Product 273,50,/assets/images/n0_bbvbhb01_1_us.jpg
N0 Bbvbob01 1 Us,Accessories,SKU-0274,29.99,10.0,Accessories - Product 274,50,/assets/images/n0_bbvbob01_1_us.png
N0 Bbvbpb01 1 Us,Accessories,SKU-0275,29.99,10.0,Accessories - Product 275,50,/assets/images/n0_bbvbpb01_1_us.jpg
N3 Bbbb01 1 Us,Accessories,SKU-0276,29.99,10.0,Accessories - Product 276,50,/assets/images/n3_bbbb01_1_us.jpg
N3 Bbbefg01 1 Us,Accessories,SKU-0277,29.99,10.0,Accessories - Product 277,50,/assets/images/n3_bbbefg01_1_us.jpg
N3 Bbdsb01 1 Us,Accessories,SKU-0278,29.99,10.0,Accessories - Product 278,50,/assets/images/n3_bbdsb01_1_us.jpg
N3 Bbipfb01 1 Us,Accessories,SKU-0279,29.99,10.0,Accessories - Product 279,50,/assets/images/n3_bbipfb01_1_us.jpg
N3 Bblob01 1 Us,Accessories,SKU-0280,29.99,10.0,Accessories - Product 280,50,/assets/images/n3_bblob01_1_us.jpg
N3 Bbopfb01 1 Us,Accessories,SKU-0281,29.99,10.0,Accessories - Product 281,50,/assets/images/n3_bbopfb01_1_us.jpg
N3 Bbpfb01 1 Us,Accessories,SKU-0282,29.99,10.0,Accessories - Product 282,50,/assets/images/n3_bbpfb01_1_us.jpg
N Bar Neon Signs Lifestyle Image 1 Bbbns02 1 Us,Signs,SKU-0283,29.99,10.0,Signs - Product 283,50,/assets/images/n_bar-neon-signs-lifestyle-image-1-bbbns02_1_us.jpg
N Birthday Neon Signs Lifestyle Image 1 Bbhbns02 1 Us,Signs,SKU-0284,29.99,10.0,Signs - Product 284,50,/assets/images/n_birthday-neon-signs-lifestyle-image-1-bbhbns02_1_us.jpg
N Happy New Year Neon Signs Lifestyle Image 1 Bbhnynshny01 1 Us,Signs,SKU-0285,29.99,10.0,Signs - Product 285,50,/assets/images/n_happy-new-year-neon-signs-lifestyle-image-1-bbhnynshny01_1_us.jpg
N Open Neon Signs Lifestyle Image 1 Bbons01 1 Us,Signs,SKU-0286,29.99,10.0,Signs - Product 286,50,/assets/images/n_open-neon-signs-lifestyle-image-1-bbons01_1_us.jpg
Naltsb06 1,Accessories,SKU-0287,29.99,10.0,Accessories - Product 287,50,/assets/images/naltsb06_1.jpg
No Dining 1,Accessories,SKU-0288,29.99,10.0,Accessories - Product 288,50,/assets/images/no-dining-1.jpg
Opaque 8244,Accessories,SKU-0289,29.99,10.0,Accessories - Product 289,50,/assets/images/opaque-8244.jpg
Opaque Window Clings Lifestyle Bbwsso01 1 Us 1,Accessories,SKU-0290,29.99,10.0,Accessories - Product 290,50,/assets/images/opaque-window-clings-lifestyle-bbwsso01_1_us_1.jpg
Pacg101 Bbaptc 1 Us,Accessories,SKU-0291,29.99,10.0,Accessories - Product 291,50,/assets/images/pacg101_bbaptc_1_us.jpg
Pacg101 Bbhmptc 1 Us,Accessories,SKU-0292,29.99,10.0,Accessories - Product 292,50,/assets/images/pacg101_bbhmptc_1_us.jpg
Party Neon Signs Lifestyle Image 1 Bbpns N09 1 Us,Signs,SKU-0293,29.99,10.0,Signs - Product 293,50,/assets/images/party-neon-signs-lifestyle-image-1-bbpns-n09_1_us.jpg
Pb Political Banners First Image Bbvbeb01 1 Us,Banners,SKU-0294,29.99,10.0,Banners - Product 294,50,/assets/images/pb_political-banners-first-image-bbvbeb01_1_us.jpg
Pb Political Vinyl Banners First Image Bbpls03 1 Us,Banners,SKU-0295,29.99,10.0,Banners - Product 295,50,/assets/images/pb_political-vinyl-banners-first-image-bbpls03_1_us.jpg
Perforated 8245,Accessories,SKU-0296,29.99,10.0,Accessories - Product 296,50,/assets/images/perforated-8245.jpg
Perforated Window Signs Lifestyle Bbwsps01 1 Us 1,Signs,SKU-0297,29.99,10.0,Signs - Product 297,50,/assets/images/perforated-window-signs-lifestyle-bbwsps01_1_us_1.jpg
Plastic Asset Labels Economy Lifestyle Bbassettag04 1 Us Ni,Accessories,SKU-0298,29.99,10.0,Accessories - Product 298,50,/assets/images/plastic-asset-labels-economy-lifestyle-bbassettag04_1_us_ni.jpg
Plastic Asset Labels Premium Lamination Lifestyle Bbassettag03 1 Us Ni,Accessories,SKU-0299,29.99,10.0,Accessories - Product 299,50,/assets/images/plastic-asset-labels-premium-lamination-lifestyle-bbassettag03_1_us_ni.jpg
Pocket Chair Cover 21th July,Table Covers,SKU-0300,29.99,10.0,Table Covers - Product 300,50,/assets/images/pocket-chair-cover-21th-july.jpg
Premium Vinyl Stickers 1,Accessories,SKU-0301,29.99,10.0,Accessories - Product 301,50,/assets/images/premium_vinyl_stickers_1.jpg
Printed Frosted 8247,Accessories,SKU-0302,29.99,10.0,Accessories - Product 302,50,/assets/images/printed-frosted-8247.jpg
Processed Fabric Banners First Image Bbrdpf01 1 Us,Banners,SKU-0303,29.99,10.0,Banners - Product 303,50,/assets/images/processed-fabric-banners-first-image-bbrdpf01_1_us.jpg
Pwipbc01 1 1,Accessories,SKU-0304,29.99,10.0,Accessories - Product 304,50,/assets/images/pwipbc01_1_1.jpg
Qr Asset Tags Lifestyle Bbassettag10 1 Us Ni,Accessories,SKU-0305,29.99,10.0,Accessories - Product 305,50,/assets/images/qr-asset-tags-lifestyle-bbassettag10_1_us_ni.jpg
Rectangle Shape Yard Sign,Signs,SKU-0306,29.99,10.0,Signs - Product 306,50,/assets/images/rectangle-shape-yard-sign.jpg
Rectangular Blimp Tower Lifestyle Image Bbexporecto03 1 Us,Accessories,SKU-0307,29.99,10.0,Accessories - Product 307,50,/assets/images/rectangular-blimp-tower-lifestyle-image-bbexporecto03_1_us.jpg
Restaurant Neon Signs Lifestyle Image 1 Bbrns N01 1 Us,Signs,SKU-0308,29.99,10.0,Signs - Product 308,50,/assets/images/restaurant-neon-signs-lifestyle-image-1-bbrns-n01_1_us.jpg
Reverse Cut Forsted 8248,Accessories,SKU-0309,29.99,10.0,Accessories - Product 309,50,/assets/images/reverse-cut-forsted-8248.jpg
Review Bg,Accessories,SKU-0310,29.99,10.0,Accessories - Product 310,50,/assets/images/review-bg.png
Rolllabels 1,Accessories,SKU-0311,29.99,10.0,Accessories - Product 311,50,/assets/images/rolllabels_1.jpg
Romantic Neon Signs Lifestyle Image 1 Bbrns N06 1 Us,Signs,SKU-0312,29.99,10.0,Signs - Product 312,50,/assets/images/romantic-neon-signs-lifestyle-image-1-bbrns-n06_1_us.jpg
Rs101 Bbbhco01 1 Us,Accessories,SKU-0313,29.99,10.0,Accessories - Product 313,50,/assets/images/rs101_bbbhco01_1_us.jpg
Rs101 Bbcals01 1 Us,Accessories,SKU-0314,29.99,10.0,Accessories - Product 314,50,/assets/images/rs101_bbcals01_1_us.jpg
Rs101 Bbpfbs01 1 Us,Accessories,SKU-0315,29.99,10.0,Accessories - Product 315,50,/assets/images/rs101_bbpfbs01_1_us.jpg
Rs101 Gmsibo01 1 Us,Accessories,SKU-0316,29.99,10.0,Accessories - Product 316,50,/assets/images/rs101_gmsibo01_1_us.jpg
Rt201 Bbcfmxpt1 1 Us,Accessories,SKU-0317,29.99,10.0,Accessories - Product 317,50,/assets/images/rt201_bbcfmxpt1_1_us.jpg
Rt201 Bbcfmxpt2 1 Us,Accessories,SKU-0318,29.99,10.0,Accessories - Product 318,50,/assets/images/rt201_bbcfmxpt2_1_us.jpg
Rt201 Bbcfmxpt3 1 Us,Accessories,SKU-0319,29.99,10.0,Accessories - Product 319,50,/assets/images/rt201_bbcfmxpt3_1_us.jpg
Rt201 Bbcfmxpt4 1 Us,Accessories,SKU-0320,29.99,10.0,Accessories - Product 320,50,/assets/images/rt201_bbcfmxpt4_1_us.jpg
Rt201 Bbcfmxpt5 1 Us,Accessories,SKU-0321,29.99,10.0,Accessories - Product 321,50,/assets/images/rt201_bbcfmxpt5_1_us.jpg
Rt201 Bbcfmxpt6 1 Us,Accessories,SKU-0322,29.99,10.0,Accessories - Product 322,50,/assets/images/rt201_bbcfmxpt6_1_us.jpg
Rt201 Bbcfmxpt7 1 Us,Accessories,SKU-0323,29.99,10.0,Accessories - Product 323,50,/assets/images/rt201_bbcfmxpt7_1_us.jpg
Rt201 Bbcfmxpt8 1 Us,Accessories,SKU-0324,29.99,10.0,Accessories - Product 324,50,/assets/images/rt201_bbcfmxpt8_1_us.jpg
Rt201 Bbcfmxpt9 1 Us,Accessories,SKU-0325,29.99,10.0,Accessories - Product 325,50,/assets/images/rt201_bbcfmxpt9_1_us.jpg
Rt201 Bbmxtt01 1 Us,Accessories,SKU-0326,29.99,10.0,Accessories - Product 326,50,/assets/images/rt201_bbmxtt01_1_us.jpg
Rt201 Wsdrst24 1 Us,Accessories,SKU-0327,29.99,10.0,Accessories - Product 327,50,/assets/images/rt201_wsdrst24_1_us.jpg
Rt201 Wsdrst36 1 Us,Accessories,SKU-0328,29.99,10.0,Accessories - Product 328,50,/assets/images/rt201_wsdrst36_1_us.jpg
Rt201 Wsdrst48 1 Us,Accessories,SKU-0329,29.99,10.0,Accessories - Product 329,50,/assets/images/rt201_wsdrst48_1_us.jpg
Rt201 Wsdrst60 1 Us,Accessories,SKU-0330,29.99,10.0,Accessories - Product 330,50,/assets/images/rt201_wsdrst60_1_us.jpg
Security Badges,Accessories,SKU-0331,29.99,10.0,Accessories - Product 331,50,/assets/images/security-badges.jpg
Shop Confidence New,Accessories,SKU-0332,29.99,10.0,Accessories - Product 332,50,/assets/images/shop-confidence-new.png
Signss 1,Signs,SKU-0333,29.99,10.0,Signs - Product 333,50,/assets/images/signss_1_.jpg
Size 1 8280,Accessories,SKU-0334,29.99,10.0,Accessories - Product 334,50,/assets/images/size-1-8280.png
Social Distancing 1,Accessories,SKU-0335,29.99,10.0,Accessories - Product 335,50,/assets/images/social-distancing-1.jpg
Step And Repeat Banners Lifestyle Bbstre01 1 Us,Banners,SKU-0336,29.99,10.0,Banners - Product 336,50,/assets/images/step-and-repeat-banners-lifestyle-bbstre01_1_us.jpg
Step And Repeat Fabric Banners Lifestyle Bbstre02 1 Us,Banners,SKU-0337,29.99,10.0,Banners - Product 337,50,/assets/images/step-and-repeat-fabric-banners-lifestyle-bbstre02_1_us.jpg
Symbols Neon Signs Lifestyle Image 1 Bbsns N02 1 Us,Signs,SKU-0338,29.99,10.0,Signs - Product 338,50,/assets/images/symbols-neon-signs-lifestyle-image-1-bbsns-n02_1_us.jpg
Take Away 1,Accessories,SKU-0339,29.99,10.0,Accessories - Product 339,50,/assets/images/take-away-1.jpg
Take Away 1 1,Accessories,SKU-0340,29.99,10.0,Accessories - Product 340,50,/assets/images/take-away-1_1.jpg
Tamper Proof Barcode Labels Lifestyle Bbassettag09 1 Us,Accessories,SKU-0341,29.99,10.0,Accessories - Product 341,50,/assets/images/tamper-proof-barcode-labels-lifestyle-bbassettag09_1_us.jpg
Tamper Proof Void Asset Labels Lifestyle Bbassettag05 1 Us Ni,Accessories,SKU-0342,29.99,10.0,Accessories - Product 342,50,/assets/images/tamper-proof-void-asset-labels-lifestyle-bbassettag05_1_us_ni.jpg
Temperory Bos 1,Accessories,SKU-0343,29.99,10.0,Accessories - Product 343,50,/assets/images/temperory-bos-1.jpg
Testing Please Wait In Your Car 1,Accessories,SKU-0344,29.99,10.0,Accessories - Product 344,50,/assets/images/testing-please-wait-in-your-car-1.jpg
Touch Free Dispenser Floor Stand 005,Accessories,SKU-0345,29.99,10.0,Accessories - Product 345,50,/assets/images/touch-free-dispenser-floor-stand-005.jpg
Trade Show Canopy Kit Front View Bbtsp01 1 Us,Accessories,SKU-0346,29.99,10.0,Accessories - Product 346,50,/assets/images/trade-show-canopy-kit-front-view-bbtsp01_1_us.jpg
Truck Decals 5,Decals,SKU-0347,29.99,10.0,Decals - Product 347,50,/assets/images/truck_decals-5.jpg
Upbrpr01 1 1,Accessories,SKU-0348,29.99,10.0,Accessories - Product 348,50,/assets/images/upbrpr01_1_1.jpg
Updcbc01 1 1,Accessories,SKU-0349,29.99,10.0,Accessories - Product 349,50,/assets/images/updcbc01_1_1.jpg
Upfbcd01 1 1,Accessories,SKU-0350,29.99,10.0,Accessories - Product 350,50,/assets/images/upfbcd01_1_1.jpg
Upflgc01 1 1,Accessories,SKU-0351,29.99,10.0,Accessories - Product 351,50,/assets/images/upflgc01_1_1.jpg
Upfogc01 1 1,Accessories,SKU-0352,29.99,10.0,Accessories - Product 352,50,/assets/images/upfogc01_1_1.jpg
Upsbcd01 1 1,Accessories,SKU-0353,29.99,10.0,Accessories - Product 353,50,/assets/images/upsbcd01_1_1.jpg
Vehicle Vinyl Lettering 8257,Accessories,SKU-0354,29.99,10.0,Accessories - Product 354,50,/assets/images/vehicle-vinyl-lettering-8257.jpg
Verified Purchase,Accessories,SKU-0355,29.99,10.0,Accessories - Product 355,50,/assets/images/verified-purchase.png
Vinyl Decals Lifestyle Image Bbpsvd01 1 Us,Decals,SKU-0356,29.99,10.0,Decals - Product 356,50,/assets/images/vinyl-decals-lifestyle-image-bbpsvd01_1_us.jpg
Vinyl Posters Lifestyle Image Bbvlps01 1 Us,Accessories,SKU-0357,29.99,10.0,Accessories - Product 357,50,/assets/images/vinyl-posters-lifestyle-image-bbvlps01_1_us.jpg
Vinyl Fence Mesh Banner 2 Us,Banners,SKU-0358,29.99,10.0,Banners - Product 358,50,/assets/images/vinyl_fence_mesh_banner_2_us.jpg
Viynl Fence Banner 2 Us,Banners,SKU-0359,29.99,10.0,Banners - Product 359,50,/assets/images/viynl_fence_banner_2_us.jpg
We Are Open 1,Accessories,SKU-0360,29.99,10.0,Accessories - Product 360,50,/assets/images/we-are-open-1.jpg
Wedding Neon Signs Lifestyle Image 1 Bbwns N05 1 Us,Signs,SKU-0361,29.99,10.0,Signs - Product 361,50,/assets/images/wedding-neon-signs-lifestyle-image-1-bbwns-n05_1_us.jpg
Widgetuploadicon,Accessories,SKU-0362,29.99,10.0,Accessories - Product 362,50,/assets/images/widgetUploadIcon.png
Window Clear 8260,Accessories,SKU-0363,29.99,10.0,Accessories - Product 363,50,/assets/images/window-clear-8260.jpg
Window Decal Clear Lifestyle Bbwsdc01 1 Us 1,Decals,SKU-0364,29.99,10.0,Decals - Product 364,50,/assets/images/window-decal-clear-lifestyle-bbwsdc01_1_us_1.jpg
Window Decals Opaque Lifestyle Bbdldo01 1 Us 1,Decals,SKU-0365,29.99,10.0,Decals - Product 365,50,/assets/images/window-decals-opaque-lifestyle-bbdldo01_1_us_1.jpg
Window Opaque 8261,Accessories,SKU-0366,29.99,10.0,Accessories - Product 366,50,/assets/images/window-opaque-8261.jpg
Window Perforated 8262,Accessories,SKU-0367,29.99,10.0,Accessories - Product 367,50,/assets/images/window-perforated-8262.jpg
Window Vinyl Lettering 8232,Accessories,SKU-0368,29.99,10.0,Accessories - Product 368,50,/assets/images/window-vinyl-lettering-8232.jpg
Y101 Bbbuys01 1 Us,Accessories,SKU-0369,29.99,10.0,Accessories - Product 369,50,/assets/images/y101_bbbuys01_1_us.jpg
Y101 Bbdcysg01 1 Us,Accessories,SKU-0370,29.99,10.0,Accessories - Product 370,50,/assets/images/y101_bbdcysg01_1_us.jpg
Y101 Bbpls10 1 Us,Accessories,SKU-0371,29.99,10.0,Accessories - Product 371,50,/assets/images/y101_bbpls10_1_us.jpg
Y101 Bbyars01 1 Us,Accessories,SKU-0372,29.99,10.0,Accessories - Product 372,50,/assets/images/y101_bbyars01_1_us.jpg
Zodiac Neon Signs Lifestyle Image 1 Bbzns N08 1 Us,Signs,SKU-0373,29.99,10.0,Signs - Product 373,50,/assets/images/zodiac-neon-signs-lifestyle-image-1-bbzns-n08_1_us.jpg
Banners\250thidayprep C1 B1 0106 1406 Us Cb 1920x380 Marketing Material,Banners,SKU-0374,29.99,10.0,Banners - Product 374,50,/assets/images/banners\250thIDayPrep_C1_B1_0106-1406_US_CB_1920x380_Marketing_Material.jpg
Banners\bb Categorybanners Marketingmaterial 20210201 4,Banners,SKU-0375,29.99,10.0,Banners - Product 375,50,/assets/images/banners\BB_CategoryBanners_MarketingMaterial_20210201_4.jpg
Banners\a101 Bbclc01 1 Us,Banners,SKU-0376,29.99,10.0,Banners - Product 376,50,/assets/images/banners\a101_bbclc01_1_us.jpg
Banners\a101 Bbcm01 1 Us,Banners,SKU-0377,29.99,10.0,Banners - Product 377,50,/assets/images/banners\a101_bbcm01_1_us.jpg
Banners\a101 Bbdh01 1 Us,Banners,SKU-0378,29.99,10.0,Banners - Product 378,50,/assets/images/banners\a101_bbdh01_1_us.jpg
Banners\a101 Bbevt01 1 Us,Banners,SKU-0379,29.99,10.0,Banners - Product 379,50,/assets/images/banners\a101_bbevt01_1_us.jpg
Banners\a101 Bbly01 1 Us,Banners,SKU-0380,29.99,10.0,Banners - Product 380,50,/assets/images/banners\a101_bbly01_1_us.jpg
Banners\a101 Bbnp01 1 Us,Banners,SKU-0381,29.99,10.0,Banners - Product 381,50,/assets/images/banners\a101_bbnp01_1_us.jpg
Banners\a101 Bbosc01 1 Us,Banners,SKU-0382,29.99,10.0,Banners - Product 382,50,/assets/images/banners\a101_bbosc01_1_us.jpg
Banners\a101 Bbpklb01 1 Us,Banners,SKU-0383,29.99,10.0,Banners - Product 383,50,/assets/images/banners\a101_bbpklb01_1_us.jpg
Banners\a101 Bbpst01 1 Us,Banners,SKU-0384,29.99,10.0,Banners - Product 384,50,/assets/images/banners\a101_bbpst01_1_us.jpg
Banners\a101 Bbrc01 1 Us,Banners,SKU-0385,29.99,10.0,Banners - Product 385,50,/assets/images/banners\a101_bbrc01_1_us.jpg
Banners\a101 Bbsbc01 1 Us,Banners,SKU-0386,29.99,10.0,Banners - Product 386,50,/assets/images/banners\a101_bbsbc01_1_us.jpg
Banners\a101 Bbsks01 1 Us,Banners,SKU-0387,29.99,10.0,Banners - Product 387,50,/assets/images/banners\a101_bbsks01_1_us.jpg
Banners\a101 Bbspc01 1 Us,Banners,SKU-0388,29.99,10.0,Banners - Product 388,50,/assets/images/banners\a101_bbspc01_1_us.jpg
Banners\a101 Bbtc01 1 Us,Banners,SKU-0389,29.99,10.0,Banners - Product 389,50,/assets/images/banners\a101_bbtc01_1_us.jpg
Banners\a101 Bbwblb01 1 Us,Banners,SKU-0390,29.99,10.0,Banners - Product 390,50,/assets/images/banners\a101_bbwblb01_1_us.jpg
Banners\a101 Hctt01 1 Us,Banners,SKU-0391,29.99,10.0,Banners - Product 391,50,/assets/images/banners\a101_hctt01_1_us.jpg
Banners\a101 Naltsb02 1 Us,Banners,SKU-0392,29.99,10.0,Banners - Product 392,50,/assets/images/banners\a101_naltsb02_1_us.jpg
Banners\a101 Naltsb04 1 Us,Banners,SKU-0393,29.99,10.0,Banners - Product 393,50,/assets/images/banners\a101_naltsb04_1_us.jpg
Banners\a101 Upbopr01 1 Us,Banners,SKU-0394,29.99,10.0,Banners - Product 394,50,/assets/images/banners\a101_upbopr01_1_us.jpg
Banners\a101 Upbufy01 1 Us,Banners,SKU-0395,29.99,10.0,Banners - Product 395,50,/assets/images/banners\a101_upbufy01_1_us.jpg
Banners\a101 Upbufy02 1 Us,Banners,SKU-0396,29.99,10.0,Banners - Product 396,50,/assets/images/banners\a101_upbufy02_1_us.jpg
Banners\a101 Upclfl01 1 Us,Banners,SKU-0397,29.99,10.0,Banners - Product 397,50,/assets/images/banners\a101_upclfl01_1_us.jpg
Banners\a101 Upctsl01 1 Us,Banners,SKU-0398,29.99,10.0,Banners - Product 398,50,/assets/images/banners\a101_upctsl01_1_us.jpg
Banners\a101 Updcbc06 1 Us,Banners,SKU-0399,29.99,10.0,Banners - Product 399,50,/assets/images/banners\a101_updcbc06_1_us.jpg
Banners\circlestickers 1,Banners,SKU-0400,29.99,10.0,Banners - Product 400,50,/assets/images/banners\circlestickers_1.jpg
Banners\customstickers 1,Banners,SKU-0401,29.99,10.0,Banners - Product 401,50,/assets/images/banners\customstickers_1.jpg
Banners\destructible Asset Labels Lifestyle Bbassettag06 1 Us Ni,Banners,SKU-0402,29.99,10.0,Banners - Product 402,50,/assets/images/banners\destructible-asset-labels-lifestyle-bbassettag06_1_us_ni.jpg
Banners\diecutstickers 1,Banners,SKU-0403,29.99,10.0,Banners - Product 403,50,/assets/images/banners\diecutstickers_1.jpg
Banners\laminated Barcode Labels Lifestyle Bbassettag08 1 Us Ni,Banners,SKU-0404,29.99,10.0,Banners - Product 404,50,/assets/images/banners\laminated-barcode-labels-lifestyle-bbassettag08_1_us_ni.jpg
Banners\logo 48,Banners,SKU-0405,29.99,10.0,Banners - Product 405,50,/assets/images/banners\logo_48.png
Banners\metal Asset Labels Aluminum Flexicurve Lifestyle Bbassettag12 1 Us Ni,Banners,SKU-0406,29.99,10.0,Banners - Product 406,50,/assets/images/banners\metal-asset-labels-aluminum-flexicurve-lifestyle-bbassettag12_1_us_ni.jpg
Banners\metal Asset Labels Aluminum Foil Lifestyle Bbassettag02 1 Us Ni,Banners,SKU-0407,29.99,10.0,Banners - Product 407,50,/assets/images/banners\metal-asset-labels-aluminum-foil-lifestyle-bbassettag02_1_us_ni.jpg
Banners\metal Asset Tags Aluminum Lifestyle Bbassettag01 1 Us Ni,Banners,SKU-0408,29.99,10.0,Banners - Product 408,50,/assets/images/banners\metal-asset-tags-aluminum-lifestyle-bbassettag01_1_us_ni.jpg
Banners\metal Barcode Labels Lifestyle Bbassettag07 1 Us Ni,Banners,SKU-0409,29.99,10.0,Banners - Product 409,50,/assets/images/banners\metal-barcode-labels-lifestyle-bbassettag07_1_us_ni.jpg
Banners\naltsb06 1,Banners,SKU-0410,29.99,10.0,Banners - Product 410,50,/assets/images/banners\naltsb06_1.jpg
Banners\pacg101 Bbaptc 1 Us,Banners,SKU-0411,29.99,10.0,Banners - Product 411,50,/assets/images/banners\pacg101_bbaptc_1_us.jpg
Banners\pacg101 Bbhmptc 1 Us,Banners,SKU-0412,29.99,10.0,Banners - Product 412,50,/assets/images/banners\pacg101_bbhmptc_1_us.jpg
Banners\plastic Asset Labels Economy Lifestyle Bbassettag04 1 Us Ni,Banners,SKU-0413,29.99,10.0,Banners - Product 413,50,/assets/images/banners\plastic-asset-labels-economy-lifestyle-bbassettag04_1_us_ni.jpg
Banners\plastic Asset Labels Premium Lamination Lifestyle Bbassettag03 1 Us Ni,Banners,SKU-0414,29.99,10.0,Banners - Product 414,50,/assets/images/banners\plastic-asset-labels-premium-lamination-lifestyle-bbassettag03_1_us_ni.jpg
Banners\premium Vinyl Stickers 1,Banners,SKU-0415,29.99,10.0,Banners - Product 415,50,/assets/images/banners\premium_vinyl_stickers_1.jpg
Banners\pwipbc01 1 1,Banners,SKU-0416,29.99,10.0,Banners - Product 416,50,/assets/images/banners\pwipbc01_1_1.jpg
Banners\qr Asset Tags Lifestyle Bbassettag10 1 Us Ni,Banners,SKU-0417,29.99,10.0,Banners - Product 417,50,/assets/images/banners\qr-asset-tags-lifestyle-bbassettag10_1_us_ni.jpg
Banners\rolllabels 1,Banners,SKU-0418,29.99,10.0,Banners - Product 418,50,/assets/images/banners\rolllabels_1.jpg
Banners\security Badges,Banners,SKU-0419,29.99,10.0,Banners - Product 419,50,/assets/images/banners\security-badges.jpg
Banners\tamper Proof Barcode Labels Lifestyle Bbassettag09 1 Us,Banners,SKU-0420,29.99,10.0,Banners - Product 420,50,/assets/images/banners\tamper-proof-barcode-labels-lifestyle-bbassettag09_1_us.jpg
Banners\tamper Proof Void Asset Labels Lifestyle Bbassettag05 1 Us Ni,Banners,SKU-0421,29.99,10.0,Banners - Product 421,50,/assets/images/banners\tamper-proof-void-asset-labels-lifestyle-bbassettag05_1_us_ni.jpg
Banners\upbrpr01 1 1,Banners,SKU-0422,29.99,10.0,Banners - Product 422,50,/assets/images/banners\upbrpr01_1_1.jpg
Banners\updcbc01 1 1,Banners,SKU-0423,29.99,10.0,Banners - Product 423,50,/assets/images/banners\updcbc01_1_1.jpg
Banners\upfbcd01 1 1,Banners,SKU-0424,29.99,10.0,Banners - Product 424,50,/assets/images/banners\upfbcd01_1_1.jpg
Banners\upflgc01 1 1,Banners,SKU-0425,29.99,10.0,Banners - Product 425,50,/assets/images/banners\upflgc01_1_1.jpg
Banners\upfogc01 1 1,Banners,SKU-0426,29.99,10.0,Banners - Product 426,50,/assets/images/banners\upfogc01_1_1.jpg
Banners\upsbcd01 1 1,Banners,SKU-0427,29.99,10.0,Banners - Product 427,50,/assets/images/banners\upsbcd01_1_1.jpg
Banners\widgetuploadicon,Banners,SKU-0428,29.99,10.0,Banners - Product 428,50,/assets/images/banners\widgetUploadIcon.png
Banners Backlit\10 Ft Backlit Trade Show Display Design 1 Product Image Bblntboo101 1 Us,Banners,SKU-0429,29.99,10.0,Banners - Product 429,50,/assets/images/Banners -- Backlit\10-ft-backlit-trade-show-display-design-1-product-image-bblntboo101_1_us.jpg
Banners Backlit\10 Ft Backlit Trade Show Display Design 2 Product Image Bblntboo102 1 Us,Banners,SKU-0430,29.99,10.0,Banners - Product 430,50,/assets/images/Banners -- Backlit\10-ft-backlit-trade-show-display-design-2-product-image-bblntboo102_1_us.jpg
Banners Backlit\10 Ft Backlit Trade Show Display Design 5 Product Image Bblntboo105 1 Us,Banners,SKU-0431,29.99,10.0,Banners - Product 431,50,/assets/images/Banners -- Backlit\10-ft-backlit-trade-show-display-design-5-product-image-bblntboo105_1_us.jpg
Banners Backlit\10 Ft Backlit Trade Show Display Design 6 Product Image Bblntboo106 1 Us,Banners,SKU-0432,29.99,10.0,Banners - Product 432,50,/assets/images/Banners -- Backlit\10-ft-backlit-trade-show-display-design-6-product-image-bblntboo106_1_us.jpg
Banners Backlit\20 Ft Backlit Trade Show Display Design 1 Product Image Bblntboo201 1 Us,Banners,SKU-0433,29.99,10.0,Banners - Product 433,50,/assets/images/Banners -- Backlit\20-ft-backlit-trade-show-display-design-1-product-image-bblntboo201_1_us.jpg
Banners Backlit\20 Ft Backlit Trade Show Display Design 3 Product Image Bblntboo203 1 Us,Banners,SKU-0434,29.99,10.0,Banners - Product 434,50,/assets/images/Banners -- Backlit\20-ft-backlit-trade-show-display-design-3-product-image-bblntboo203_1_us.jpg
Banners Backlit\20 Ft Backlit Trade Show Display Design 4 Product Image Bblntboo204 1 Us,Banners,SKU-0435,29.99,10.0,Banners - Product 435,50,/assets/images/Banners -- Backlit\20-ft-backlit-trade-show-display-design-4-product-image-bblntboo204_1_us.jpg
Banners Backlit\20 Ft Backlit Trade Show Display Design 5 Product Image Bblntboo205 1 Us,Banners,SKU-0436,29.99,10.0,Banners - Product 436,50,/assets/images/Banners -- Backlit\20-ft-backlit-trade-show-display-design-5-product-image-bblntboo205_1_us.jpg
Banners Backlit\20 Ft Backlit Trade Show Display Design 8 Product Image Bblntboo208 1 Us,Banners,SKU-0437,29.99,10.0,Banners - Product 437,50,/assets/images/Banners -- Backlit\20-ft-backlit-trade-show-display-design-8-product-image-bblntboo208_1_us.jpg
Banners Backlit\backlit Banner Lifestyle Bbblit01 1,Banners,SKU-0438,29.99,10.0,Banners - Product 438,50,/assets/images/Banners -- Backlit\backlit-banner-lifestyle-bbblit01_1.jpg
Banners Birthday\n Birthday Neon Signs Lifestyle Image 1 Bbhbns02 1 Us,Banners,SKU-0439,29.99,10.0,Banners - Product 439,50,/assets/images/Banners -- Birthday\n_birthday-neon-signs-lifestyle-image-1-bbhbns02_1_us.jpg
Banners Breakaway\breakaway Banner Lifestyle Bbbraw01 1,Banners,SKU-0440,29.99,10.0,Banners - Product 440,50,/assets/images/Banners -- Breakaway\breakaway-banner-lifestyle-bbbraw01_1.jpg
Banners Church\church Home 1,Banners,SKU-0441,29.99,10.0,Banners - Product 441,50,/assets/images/Banners -- Church\church-_-home-1.jpg
Banners Fabric\10x10ft Magnetic Modular Fabric Displays B 45 Degree Bbmgmfdus07 1,Banners,SKU-0442,29.99,10.0,Banners - Product 442,50,/assets/images/Banners -- Fabric\10x10ft-magnetic-modular-fabric-displays-b_45-degree_bbmgmfdus07_1.png
Banners Fabric\10x10ft Magnetic Modular Fabric Displays A 45 Degree Bbmgmfdls06 1,Banners,SKU-0443,29.99,10.0,Banners - Product 443,50,/assets/images/Banners -- Fabric\10x10ft_magnetic_modular_fabric_displays-a_45_degree_bbmgmfdls06_1.png
Banners Fabric\10x10ft Magnetic Modular Fabric Displays C 45 Degree Bbmgmfdlss08 1,Banners,SKU-0444,29.99,10.0,Banners - Product 444,50,/assets/images/Banners -- Fabric\10x10ft_magnetic_modular_fabric_displays-c_45_degree_bbmgmfdlss08_1.png
Banners Fabric\10x10ft Magnetic Modular Fabric Displays E 45 Degree Bbmgmfdlsc10 1,Banners,SKU-0445,29.99,10.0,Banners - Product 445,50,/assets/images/Banners -- Fabric\10x10ft_magnetic_modular_fabric_displays-e_45_degree_bbmgmfdlsc10_1.png
Banners Fabric\13x10ft Magnetic Modular Fabric Displays A 45 Degree Bbmgmfdcs11 1,Banners,SKU-0446,29.99,10.0,Banners - Product 446,50,/assets/images/Banners -- Fabric\13x10ft-magnetic-modular-fabric-displays-a_45-degree_bbmgmfdcs11_1.png
Banners Fabric\13x10ft Magnetic Modular Fabric Displays B 45 Degree Bbmgmfdtsb12 1,Banners,SKU-0447,29.99,10.0,Banners - Product 447,50,/assets/images/Banners -- Fabric\13x10ft-magnetic-modular-fabric-displays-b_45-degree_bbmgmfdtsb12_1.png
Banners Fabric\13x13ft Magnetic Modular Fabric Displays A 45 Degree Bbmgmfdcis13 1,Banners,SKU-0448,29.99,10.0,Banners - Product 448,50,/assets/images/Banners -- Fabric\13x13ft-magnetic-modular-fabric-displays-a_45-degree_bbmgmfdcis13_1.png
Banners Fabric\13x13ft Magnetic Modular Fabric Displays B 45 Degree Bbmgmfdtis14 1,Banners,SKU-0449,29.99,10.0,Banners - Product 449,50,/assets/images/Banners -- Fabric\13x13ft-magnetic-modular-fabric-displays-b_45-degree_bbmgmfdtis14_1.png
Banners Fabric\13x13ft Magnetic Modular Fabric Displays C 45 Degree Bbmgmfddcls15 1,Banners,SKU-0450,29.99,10.0,Banners - Product 450,50,/assets/images/Banners -- Fabric\13x13ft_magnetic_modular_fabric_displays-c_45_degree_bbmgmfddcls15_1.png
Banners Fabric\20ft Inline Trade Show Booth Modular Fabric Display With Podium Shelves Led Lights Fi,Banners,SKU-0451,29.99,10.0,Banners - Product 451,50,/assets/images/Banners -- Fabric\20ft-inline-trade-show-booth-modular-fabric-display-with-podium-shelves-led-lights-first-image-bbexbood121_1.jpg
Banners Fabric\65x65ft Magnetic Modular Fabric Displays D 45 Degree Bbmgmfdsbs04 1,Banners,SKU-0452,29.99,10.0,Banners - Product 452,50,/assets/images/Banners -- Fabric\65x65ft-magnetic-modular-fabric-displays-d_45-degree_bbmgmfdsbs04_1.png
Banners Fabric\65x65ft Magnetic Modular Fabric Displays E 45 Degree Bbmgmfdcis05 1,Banners,SKU-0453,29.99,10.0,Banners - Product 453,50,/assets/images/Banners -- Fabric\65x65ft_magnetic_modular_fabric_displays-e_45_degree_bbmgmfdcis05_1.png
Banners Fabric\fabricbanner 01 4471,Banners,SKU-0454,29.99,10.0,Banners - Product 454,50,/assets/images/Banners -- Fabric\FabricBanner-01-4471.png
Banners Fabric\processed Fabric Banners First Image Bbrdpf01 1 Us,Banners,SKU-0455,29.99,10.0,Banners - Product 455,50,/assets/images/Banners -- Fabric\processed-fabric-banners-first-image-bbrdpf01_1_us.jpg
Banners Fabric\step And Repeat Fabric Banners Lifestyle Bbstre02 1 Us,Banners,SKU-0456,29.99,10.0,Banners - Product 456,50,/assets/images/Banners -- Fabric\step-and-repeat-fabric-banners-lifestyle-bbstre02_1_us.jpg
Banners General\250thidayprep C1 B1 0106 1406 Us Cb 1920x380 Banners,Banners,SKU-0457,29.99,10.0,Banners - Product 457,50,/assets/images/Banners -- General\250thIDayPrep_C1_B1_0106-1406_US_CB_1920x380_Banners.jpg
Banners General\bb Categorybanners Banners 20210201 4,Banners,SKU-0458,29.99,10.0,Banners - Product 458,50,/assets/images/Banners -- General\BB_CategoryBanners_Banners_20210201_4.jpg
Banners General\bb Categorybanners Marketingmaterial 20210201 4,Banners,SKU-0459,29.99,10.0,Banners - Product 459,50,/assets/images/Banners -- General\BB_CategoryBanners_MarketingMaterial_20210201_4.jpg
Banners General\bb Categorybanners Signsanddecals 20210201,Banners,SKU-0460,29.99,10.0,Banners - Product 460,50,/assets/images/Banners -- General\BB_CategoryBanners_SignsandDecals_20210201.jpg
Banners General\step And Repeat Banners Lifestyle Bbstre01 1 Us,Banners,SKU-0461,29.99,10.0,Banners - Product 461,50,/assets/images/Banners -- General\step-and-repeat-banners-lifestyle-bbstre01_1_us.jpg
Banners Holiday\christmas Neon Signs Lifestyle Image 1 Bbcns N03 1 Us,Banners,SKU-0462,29.99,10.0,Banners - Product 462,50,/assets/images/Banners -- Holiday\christmas-neon-signs-lifestyle-image-1-bbcns-n03_1_us.jpg
Banners Mesh & Fence\vinyl Fence Mesh Banner 2 Us,Banners,SKU-0463,29.99,10.0,Banners - Product 463,50,/assets/images/Banners -- Mesh & Fence\vinyl_fence_mesh_banner_2_us.jpg
Banners Mesh & Fence\viynl Fence Banner 2 Us,Banners,SKU-0464,29.99,10.0,Banners - Product 464,50,/assets/images/Banners -- Mesh & Fence\viynl_fence_banner_2_us.jpg
Banners Political\pb Political Banners First Image Bbvbeb01 1 Us,Banners,SKU-0465,29.99,10.0,Banners - Product 465,50,/assets/images/Banners -- Political\pb_political-banners-first-image-bbvbeb01_1_us.jpg
Banners Political\pb Political Vinyl Banners First Image Bbpls03 1 Us,Banners,SKU-0466,29.99,10.0,Banners - Product 466,50,/assets/images/Banners -- Political\pb_political-vinyl-banners-first-image-bbpls03_1_us.jpg
Banners Vinyl\customdecalsheroes Vinyllettering 8301,Banners,SKU-0467,29.99,10.0,Banners - Product 467,50,/assets/images/Banners -- Vinyl\CustomDecalsHeroes-VinylLettering-8301.jpg
Banners Vinyl\vinyl Lettering 01 4514,Banners,SKU-0468,29.99,10.0,Banners - Product 468,50,/assets/images/Banners -- Vinyl\Vinyl-Lettering-01-4514.png
Banners Vinyl\vinyl Banner Real Estate Signs A,Banners,SKU-0469,29.99,10.0,Banners - Product 469,50,/assets/images/Banners -- Vinyl\Vinyl_Banner_Real-Estate_Signs_A.jpg
Banners Vinyl\bubble Free Vinyl Decals Lifestyle Image Bbgpsvd01 1 Us,Banners,SKU-0470,29.99,10.0,Banners - Product 470,50,/assets/images/Banners -- Vinyl\bubble-free-vinyl-decals-lifestyle-image-bbgpsvd01_1_us.jpg
Banners Vinyl\custom Premium Vinyl Banner,Banners,SKU-0471,29.99,10.0,Banners - Product 471,50,/assets/images/Banners -- Vinyl\custom-premium-vinyl-banner.jpg
Banners Vinyl\premium Vinyl Stickers 1,Banners,SKU-0472,29.99,10.0,Banners - Product 472,50,/assets/images/Banners -- Vinyl\premium_vinyl_stickers_1.jpg
Banners Vinyl\vehicle Vinyl Lettering 8257,Banners,SKU-0473,29.99,10.0,Banners - Product 473,50,/assets/images/Banners -- Vinyl\vehicle-vinyl-lettering-8257.jpg
Banners Vinyl\vinyl Decals Lifestyle Image Bbpsvd01 1 Us,Banners,SKU-0474,29.99,10.0,Banners - Product 474,50,/assets/images/Banners -- Vinyl\vinyl-decals-lifestyle-image-bbpsvd01_1_us.jpg
Banners Vinyl\vinyl Posters Lifestyle Image Bbvlps01 1 Us,Banners,SKU-0475,29.99,10.0,Banners - Product 475,50,/assets/images/Banners -- Vinyl\vinyl-posters-lifestyle-image-bbvlps01_1_us.jpg
Banners Vinyl\window Vinyl Lettering 8232,Banners,SKU-0476,29.99,10.0,Banners - Product 476,50,/assets/images/Banners -- Vinyl\window-vinyl-lettering-8232.jpg
Decals General\customdecalsheroes Permanentdecals 8300,Decals,SKU-0477,29.99,10.0,Decals - Product 477,50,/assets/images/Decals -- General\CustomDecalsHeroes-PermanentDecals-8300.jpg
Decals General\respositionable Decal 01 4493,Decals,SKU-0478,29.99,10.0,Decals - Product 478,50,/assets/images/Decals -- General\Respositionable-Decal-01-4493.png
Decals General\stickers Top Nav Image 01 6794,Decals,SKU-0479,29.99,10.0,Decals - Product 479,50,/assets/images/Decals -- General\Stickers-Top-Nav-Image-01-6794.png
Decals General\bbcdsc02 Car Decals Stickers Clear 1,Decals,SKU-0480,29.99,10.0,Decals - Product 480,50,/assets/images/Decals -- General\bbcdsc02_car-decals-stickers-clear_1.jpg
Decals General\bbcdscdc02 Die Cut Car Decals Stickers Clear R,Decals,SKU-0481,29.99,10.0,Decals - Product 481,50,/assets/images/Decals -- General\bbcdscdc02_die-cut-car-decals--stickers-_clear_-r.jpg
Decals General\bubble Free Car Decal Bb 09,Decals,SKU-0482,29.99,10.0,Decals - Product 482,50,/assets/images/Decals -- General\bubble-free-car-decal-bb-09.jpg
Decals General\bubble Free Car Decal Die Cut 1,Decals,SKU-0483,29.99,10.0,Decals - Product 483,50,/assets/images/Decals -- General\bubble-free-car-decal-die-cut-1.jpg
Decals General\bubble Free Window Decals Lifestyle Bbgdldo01 1 Us 1,Decals,SKU-0484,29.99,10.0,Decals - Product 484,50,/assets/images/Decals -- General\bubble-free-window-decals-lifestyle-bbgdldo01_1_us_1.jpg
Decals General\bumper Stickers4,Decals,SKU-0485,29.99,10.0,Decals - Product 485,50,/assets/images/Decals -- General\bumper-stickers4.jpg
Decals General\car Decals Stickers Opaque 0,Decals,SKU-0486,29.99,10.0,Decals - Product 486,50,/assets/images/Decals -- General\car-decals-stickers-opaque-0.jpg
Decals General\car Decals Stickers Opaque Flash Cut 0,Decals,SKU-0487,29.99,10.0,Decals - Product 487,50,/assets/images/Decals -- General\car-decals-stickers-opaque-flash-cut-0.jpg
Decals General\circlestickers 1,Decals,SKU-0488,29.99,10.0,Decals - Product 488,50,/assets/images/Decals -- General\circlestickers_1.jpg
Decals General\customstickers 1,Decals,SKU-0489,29.99,10.0,Decals - Product 489,50,/assets/images/Decals -- General\customstickers_1.jpg
Decals General\die Cut Clear Window Decals Lifestyle Bbwsdc02 1 Us 1,Decals,SKU-0490,29.99,10.0,Decals - Product 490,50,/assets/images/Decals -- General\die-cut-clear-window-decals-lifestyle-bbwsdc02_1_us_1.jpg
Decals General\die Cut Decals Lifestyle Image Bbdcd01 1 Us,Decals,SKU-0491,29.99,10.0,Decals - Product 491,50,/assets/images/Decals -- General\die-cut-decals-lifestyle-image-bbdcd01_1_us.jpg
Decals General\die Cut Window Decals Opaque Lifestyle Bbdldodc01 1 Us 1,Decals,SKU-0492,29.99,10.0,Decals - Product 492,50,/assets/images/Decals -- General\die-cut-window-decals-opaque-lifestyle-bbdldodc01_1_us_1.jpg
Decals General\diecutstickers 1,Decals,SKU-0493,29.99,10.0,Decals - Product 493,50,/assets/images/Decals -- General\diecutstickers_1.jpg
Decals General\truck Decals 5,Decals,SKU-0494,29.99,10.0,Decals - Product 494,50,/assets/images/Decals -- General\truck_decals-5.jpg
Decals General\window Decal Clear Lifestyle Bbwsdc01 1 Us 1,Decals,SKU-0495,29.99,10.0,Decals - Product 495,50,/assets/images/Decals -- General\window-decal-clear-lifestyle-bbwsdc01_1_us_1.jpg
Decals General\window Decals Opaque Lifestyle Bbdldo01 1 Us 1,Decals,SKU-0496,29.99,10.0,Decals - Product 496,50,/assets/images/Decals -- General\window-decals-opaque-lifestyle-bbdldo01_1_us_1.jpg
Decals Wall\customdecalsheroes Walldecals 8302,Decals,SKU-0497,29.99,10.0,Decals - Product 497,50,/assets/images/Decals -- Wall\CustomDecalsHeroes-WallDecals-8302.jpg
Decals Window\250thidayprep C1 B1 0106 1406 Us Cb 1920x380 Windowdecale,Decals,SKU-0498,29.99,10.0,Decals - Product 498,50,/assets/images/Decals -- Window\250thIDayPrep_C1_B1_0106-1406_US_CB_1920x380_WindowDecale.jpg
Decals Window\windowdecals Perforated 4523,Decals,SKU-0499,29.99,10.0,Decals - Product 499,50,/assets/images/Decals -- Window\WindowDecals-Perforated-4523.png
Displays Canopy Tents\trade Show Canopy Kit Front View Bbtsp01 1 Us,Displays,SKU-0500,29.99,10.0,Displays - Product 500,50,/assets/images/Displays -- Canopy Tents\trade-show-canopy-kit-front-view-bbtsp01_1_us.jpg
Displays Counters\counter Card Thumb 6587,Displays,SKU-0501,29.99,10.0,Displays - Product 501,50,/assets/images/Displays -- Counters\counter-card-thumb-6587.png
Displays General\250thidayprep C1 B1 0106 1406 Us Cb 1920x380 Table Covers Displays,Displays,SKU-0502,29.99,10.0,Displays - Product 502,50,/assets/images/Displays -- General\250thIDayPrep_C1_B1_0106-1406_US_CB_1920x380_Table_covers___Displays.jpg
Displays General\table Covers Displays 1920x380px 1,Displays,SKU-0503,29.99,10.0,Displays - Product 503,50,/assets/images/Displays -- General\Table_Covers_Displays_1920x380px_1.png
Displays General\tradeshow Display Budget Friendly 1,Displays,SKU-0504,29.99,10.0,Displays - Product 504,50,/assets/images/Displays -- General\Tradeshow-Display-Budget-Friendly_1.jpg
Displays General\tradeshow Display Sizes 9,Displays,SKU-0505,29.99,10.0,Displays - Product 505,50,/assets/images/Displays -- General\Tradeshow-Display-Sizes_9.jpg
Displays General\tradeshow Display Types 9,Displays,SKU-0506,29.99,10.0,Displays - Product 506,50,/assets/images/Displays -- General\Tradeshow-Display-Types_9.jpg
Displays General\compact Display Package Front View Bbtsp04 1 Us,Displays,SKU-0507,29.99,10.0,Displays - Product 507,50,/assets/images/Displays -- General\compact-display-package-front-view-bbtsp04_1_us.jpg
Displays General\display Package For 20 Ft X 10 Ft Trade Show Booth Front View Bbtsp06 1 Us,Displays,SKU-0508,29.99,10.0,Displays - Product 508,50,/assets/images/Displays -- General\display-package-for-20-ft-x-10-ft-trade-show-booth-front-view-bbtsp06_1_us.jpg
Flags Feather\featherflags 01 4473,Flags,SKU-0509,29.99,10.0,Flags - Product 509,50,/assets/images/Flags -- Feather\FeatherFlags-01-4473.png
Flags General\250thidayprep C1 B1 0106 1406 Us Cb 1920x380 Custom Flags,Flags,SKU-0510,29.99,10.0,Flags - Product 510,50,/assets/images/Flags -- General\250thIDayPrep_C1_B1_0106-1406_US_CB_1920x380_Custom_Flags.jpg
Flags General\customflags 01 4470,Flags,SKU-0511,29.99,10.0,Flags - Product 511,50,/assets/images/Flags -- General\CustomFlags-01-4470.png
Flags General\flags 1920x380px 1,Flags,SKU-0512,29.99,10.0,Flags - Product 512,50,/assets/images/Flags -- General\Flags_1920x380px_1.png
Flags Teardrop\teardropflag 01 4503,Flags,SKU-0513,29.99,10.0,Flags - Product 513,50,/assets/images/Flags -- Teardrop\TeardropFlag-01-4503.png
Marketing Facility\metalprints 01 4483,Accessories,SKU-0514,29.99,10.0,Accessories - Product 514,50,/assets/images/Marketing -- Facility\MetalPrints-01-4483.png
Marketing Facility\billboard Printing Lifestyle Bbvbbp01 1,Accessories,SKU-0515,29.99,10.0,Accessories - Product 515,50,/assets/images/Marketing -- Facility\billboard-printing-lifestyle-bbvbbp01_1.jpg
Marketing Facility\printed Frosted 8247,Accessories,SKU-0516,29.99,10.0,Accessories - Product 516,50,/assets/images/Marketing -- Facility\printed-frosted-8247.jpg
Marketing Hero Slides\table Covers Al Hero 10927 Thumbnail2x,Table Covers,SKU-0517,29.99,10.0,Table Covers - Product 517,50,/assets/images/Marketing -- Hero Slides\Table-Covers-AL-Hero-10927_Thumbnail2x.jpg
Marketing Lifestyle\505 Convertible Adjustable Table Covers Lifestyle Image Cfmcat01 1 Us,Table Covers,SKU-0518,29.99,10.0,Table Covers - Product 518,50,/assets/images/Marketing -- Lifestyle\505_convertible-adjustable-table-covers-lifestyle-image-cfmcat01_1_us.jpg
Marketing Lifestyle\505 Cross Over Table Covers Lifestyle Image Cfmcot01 1 Us,Table Covers,SKU-0519,29.99,10.0,Table Covers - Product 519,50,/assets/images/Marketing -- Lifestyle\505_cross-over-table-covers-lifestyle-image-cfmcot01_1_us.jpg
Marketing Lifestyle\505 Open Corner Table Covers Lifestyle Image Bboctc01 1 Us,Table Covers,SKU-0520,29.99,10.0,Table Covers - Product 520,50,/assets/images/Marketing -- Lifestyle\505_open-corner-table-covers-lifestyle-image-bboctc01_1_us.jpg
Marketing Lifestyle\505 Pleated Banquet Chair Covers Lifestyle Image Bbpbcc01 1 Us,Table Covers,SKU-0521,29.99,10.0,Table Covers - Product 521,50,/assets/images/Marketing -- Lifestyle\505_pleated-banquet-chair-covers-lifestyle-image-bbpbcc01_1_us.jpg
Marketing Lifestyle\505 Pleated Table Covers Lifestyle Image Cfmptc01 1 Us,Table Covers,SKU-0522,29.99,10.0,Table Covers - Product 522,50,/assets/images/Marketing -- Lifestyle\505_pleated-table-covers-lifestyle-image-cfmptc01_1_us.jpg
Marketing Lifestyle\505 Premium Full Color Table Covers Throws Lifestyle Image Bbctct01 1 Us,Table Covers,SKU-0523,29.99,10.0,Table Covers - Product 523,50,/assets/images/Marketing -- Lifestyle\505_premium-full-color-table-covers-throws-lifestyle-image-bbctct01_1_us.jpg
Marketing Lifestyle\505 Rectangle Table Toppers Lifestyle Image Cfmtat01 1 Us,Table Covers,SKU-0524,29.99,10.0,Table Covers - Product 524,50,/assets/images/Marketing -- Lifestyle\505_rectangle-table-toppers-lifestyle-image-cfmtat01_1_us.jpg
Marketing Lifestyle\505 Round Table Throws Lifestyle Image Bbrtt01 1 Us,Table Covers,SKU-0525,29.99,10.0,Table Covers - Product 525,50,/assets/images/Marketing -- Lifestyle\505_round-table-throws-lifestyle-image-bbrtt01_1_us.jpg
Marketing Lifestyle\505 Round Table Toppers Lifestyle Image Cfmrsc01 1 Us,Table Covers,SKU-0526,29.99,10.0,Table Covers - Product 526,50,/assets/images/Marketing -- Lifestyle\505_round-table-toppers-lifestyle-image-cfmrsc01_1_us.jpg
Marketing Lifestyle\505 Stretched Banquet Chair Covers Lifestyle Image Bbsbcc01 1 Us,Table Covers,SKU-0527,29.99,10.0,Table Covers - Product 527,50,/assets/images/Marketing -- Lifestyle\505_stretched-banquet-chair-covers-lifestyle-image-bbsbcc01_1_us.jpg
Marketing Lifestyle\505 Table Runners Lifestyle Image Bbcstr01 1 Us,Table Covers,SKU-0528,29.99,10.0,Table Covers - Product 528,50,/assets/images/Marketing -- Lifestyle\505_table-runners-lifestyle-image-bbcstr01_1_us.jpg
Marketing Lifestyle\acrylic Letters And Numbers Lifestyle Image Bbrdal01 1 Us,Accessories,SKU-0529,29.99,10.0,Accessories - Product 529,50,/assets/images/Marketing -- Lifestyle\acrylic-letters-and-numbers-lifestyle-image-bbrdal01_1_us.jpg
Marketing Lifestyle\clear Window Clings Lifestyle Bbwssc01 1 Us 2,Accessories,SKU-0530,29.99,10.0,Accessories - Product 530,50,/assets/images/Marketing -- Lifestyle\clear-window-clings-lifestyle-bbwssc01_1_us_2.jpg
Marketing Lifestyle\custom Table Skirt Lifestyle Image Bbcskirt01 1 Us V1,Table Covers,SKU-0531,29.99,10.0,Table Covers - Product 531,50,/assets/images/Marketing -- Lifestyle\custom-table-skirt-lifestyle-image-bbcskirt01_1_us_v1.jpg
Marketing Lifestyle\destructible Asset Labels Lifestyle Bbassettag06 1 Us Ni,Accessories,SKU-0532,29.99,10.0,Accessories - Product 532,50,/assets/images/Marketing -- Lifestyle\destructible-asset-labels-lifestyle-bbassettag06_1_us_ni.jpg
Marketing Lifestyle\die Cut Clear Window Clings Lifestyle Bbcdsc01 1 Us 1,Accessories,SKU-0533,29.99,10.0,Accessories - Product 533,50,/assets/images/Marketing -- Lifestyle\die-cut-clear-window-clings-lifestyle-bbcdsc01_1_us_1.jpg
Marketing Lifestyle\die Cut Opaque Window Clings Lifestyle Bbodsc01 1 Us 1,Accessories,SKU-0534,29.99,10.0,Accessories - Product 534,50,/assets/images/Marketing -- Lifestyle\die-cut-opaque-window-clings-lifestyle-bbodsc01_1_us_1.jpg
Marketing Lifestyle\laminated Barcode Labels Lifestyle Bbassettag08 1 Us Ni,Accessories,SKU-0535,29.99,10.0,Accessories - Product 535,50,/assets/images/Marketing -- Lifestyle\laminated-barcode-labels-lifestyle-bbassettag08_1_us_ni.jpg
Marketing Lifestyle\metal Barcode Labels Lifestyle Bbassettag07 1 Us Ni,Accessories,SKU-0536,29.99,10.0,Accessories - Product 536,50,/assets/images/Marketing -- Lifestyle\metal-barcode-labels-lifestyle-bbassettag07_1_us_ni.jpg
Marketing Lifestyle\opaque Window Clings Lifestyle Bbwsso01 1 Us 1,Accessories,SKU-0537,29.99,10.0,Accessories - Product 537,50,/assets/images/Marketing -- Lifestyle\opaque-window-clings-lifestyle-bbwsso01_1_us_1.jpg
Marketing Lifestyle\plastic Asset Labels Economy Lifestyle Bbassettag04 1 Us Ni,Accessories,SKU-0538,29.99,10.0,Accessories - Product 538,50,/assets/images/Marketing -- Lifestyle\plastic-asset-labels-economy-lifestyle-bbassettag04_1_us_ni.jpg
Marketing Lifestyle\plastic Asset Labels Premium Lamination Lifestyle Bbassettag03 1 Us Ni,Accessories,SKU-0539,29.99,10.0,Accessories - Product 539,50,/assets/images/Marketing -- Lifestyle\plastic-asset-labels-premium-lamination-lifestyle-bbassettag03_1_us_ni.jpg
Marketing Lifestyle\qr Asset Tags Lifestyle Bbassettag10 1 Us Ni,Accessories,SKU-0540,29.99,10.0,Accessories - Product 540,50,/assets/images/Marketing -- Lifestyle\qr-asset-tags-lifestyle-bbassettag10_1_us_ni.jpg
Marketing Lifestyle\rectangular Blimp Tower Lifestyle Image Bbexporecto03 1 Us,Accessories,SKU-0541,29.99,10.0,Accessories - Product 541,50,/assets/images/Marketing -- Lifestyle\rectangular-blimp-tower-lifestyle-image-bbexporecto03_1_us.jpg
Marketing Lifestyle\tamper Proof Barcode Labels Lifestyle Bbassettag09 1 Us,Accessories,SKU-0542,29.99,10.0,Accessories - Product 542,50,/assets/images/Marketing -- Lifestyle\tamper-proof-barcode-labels-lifestyle-bbassettag09_1_us.jpg
Marketing Lifestyle\tamper Proof Void Asset Labels Lifestyle Bbassettag05 1 Us Ni,Accessories,SKU-0543,29.99,10.0,Accessories - Product 543,50,/assets/images/Marketing -- Lifestyle\tamper-proof-void-asset-labels-lifestyle-bbassettag05_1_us_ni.jpg
Signs Aluminum\metal Asset Labels Aluminum Flexicurve Lifestyle Bbassettag12 1 Us Ni,Signs,SKU-0544,29.99,10.0,Signs - Product 544,50,/assets/images/Signs -- Aluminum\metal-asset-labels-aluminum-flexicurve-lifestyle-bbassettag12_1_us_ni.jpg
Signs Aluminum\metal Asset Labels Aluminum Foil Lifestyle Bbassettag02 1 Us Ni,Signs,SKU-0545,29.99,10.0,Signs - Product 545,50,/assets/images/Signs -- Aluminum\metal-asset-labels-aluminum-foil-lifestyle-bbassettag02_1_us_ni.jpg
Signs Aluminum\metal Asset Tags Aluminum Lifestyle Bbassettag01 1 Us Ni,Signs,SKU-0546,29.99,10.0,Signs - Product 546,50,/assets/images/Signs -- Aluminum\metal-asset-tags-aluminum-lifestyle-bbassettag01_1_us_ni.jpg
Signs General\10 Ft Trade Show Booth Design 1 45 Degree Bbexbboo101 1 Us,Signs,SKU-0547,29.99,10.0,Signs - Product 547,50,/assets/images/Signs -- General\10-ft-trade-show-booth-design-1-45-degree-bbexbboo101_1_us.jpg
Signs General\10 Ft Trade Show Booth Design 2 45 Degree Bbexbboo102 1 Us,Signs,SKU-0548,29.99,10.0,Signs - Product 548,50,/assets/images/Signs -- General\10-ft-trade-show-booth-design-2-45-degree-bbexbboo102_1_us.jpg
Signs General\10 Ft Trade Show Booth Design 3 45 Degree Bbexbboo103 1 Us,Signs,SKU-0549,29.99,10.0,Signs - Product 549,50,/assets/images/Signs -- General\10-ft-trade-show-booth-design-3-45-degree-bbexbboo103_1_us.jpg
Signs General\10 Ft Trade Show Booth Design 4 45 Degree Bbexbboo104 1 Us,Signs,SKU-0550,29.99,10.0,Signs - Product 550,50,/assets/images/Signs -- General\10-ft-trade-show-booth-design-4-45-degree-bbexbboo104_1_us.jpg
Signs General\10 Ft Trade Show Booth Design 5 45 Degree Bbexbboo105 1 Us,Signs,SKU-0551,29.99,10.0,Signs - Product 551,50,/assets/images/Signs -- General\10-ft-trade-show-booth-design-5-45-degree-bbexbboo105_1_us.jpg
Signs General\10 Ft Trade Show Booth Design 6 45 Degree Bbexbboo108 1 Us,Signs,SKU-0552,29.99,10.0,Signs - Product 552,50,/assets/images/Signs -- General\10-ft-trade-show-booth-design-6-45-degree-bbexbboo108_1_us.jpg
Signs General\10 Ft Trade Show Booth Design 7 45 Degree Bbexbboo110 1 Us,Signs,SKU-0553,29.99,10.0,Signs - Product 553,50,/assets/images/Signs -- General\10-ft-trade-show-booth-design-7-45-degree-bbexbboo110_1_us.jpg
Signs General\10 Ft Trade Show Booth Design 8 45 Degree Bbexbboo115 1 Us,Signs,SKU-0554,29.99,10.0,Signs - Product 554,50,/assets/images/Signs -- General\10-ft-trade-show-booth-design-8-45-degree-bbexbboo115_1_us.jpg
Signs General\10 Ft Trade Show Booth Design 9 45 Degree Bbexbboo116 1 Us,Signs,SKU-0555,29.99,10.0,Signs - Product 555,50,/assets/images/Signs -- General\10-ft-trade-show-booth-design-9-45-degree-bbexbboo116_1_us.jpg
Signs General\20 Ft Trade Show Booth Design 1 45 Degree Bbexbboo201 1 Us,Signs,SKU-0556,29.99,10.0,Signs - Product 556,50,/assets/images/Signs -- General\20-ft-trade-show-booth-design-1-45-degree-bbexbboo201_1_us.jpg
Signs General\20 Ft Trade Show Booth Design 10 45 Degree Bbexbboo223 1 Us,Signs,SKU-0557,29.99,10.0,Signs - Product 557,50,/assets/images/Signs -- General\20-ft-trade-show-booth-design-10-45-degree-bbexbboo223_1_us.jpg
Signs General\20 Ft Trade Show Booth Design 2 45 Degree Bbexbboo203 1 Us,Signs,SKU-0558,29.99,10.0,Signs - Product 558,50,/assets/images/Signs -- General\20-ft-trade-show-booth-design-2-45-degree-bbexbboo203_1_us.jpg
Signs General\20 Ft Trade Show Booth Design 3 45 Degree Bbexbboo204 1 Us,Signs,SKU-0559,29.99,10.0,Signs - Product 559,50,/assets/images/Signs -- General\20-ft-trade-show-booth-design-3-45-degree-bbexbboo204_1_us.jpg
Signs General\20 Ft Trade Show Booth Design 4 45 Degree Bbexbboo205 1 Us,Signs,SKU-0560,29.99,10.0,Signs - Product 560,50,/assets/images/Signs -- General\20-ft-trade-show-booth-design-4-45-degree-bbexbboo205_1_us.jpg
Signs General\20 Ft Trade Show Booth Design 5 45 Degree Bbexbboo206 1 Us,Signs,SKU-0561,29.99,10.0,Signs - Product 561,50,/assets/images/Signs -- General\20-ft-trade-show-booth-design-5-45-degree-bbexbboo206_1_us.jpg
Signs General\20 Ft Trade Show Booth Design 6 45 Degree Bbexbboo210 1 Us,Signs,SKU-0562,29.99,10.0,Signs - Product 562,50,/assets/images/Signs -- General\20-ft-trade-show-booth-design-6-45-degree-bbexbboo210_1_us.jpg
Signs General\real Estate Signs 14766,Signs,SKU-0563,29.99,10.0,Signs - Product 563,50,/assets/images/Signs -- General\Real-Estate-Signs-14766.jpg
Signs General\perforated Window Signs Lifestyle Bbwsps01 1 Us 1,Signs,SKU-0564,29.99,10.0,Signs - Product 564,50,/assets/images/Signs -- General\perforated-window-signs-lifestyle-bbwsps01_1_us_1.jpg
Signs General\rectangle Shape Yard Sign,Signs,SKU-0565,29.99,10.0,Signs - Product 565,50,/assets/images/Signs -- General\rectangle-shape-yard-sign.jpg
Signs General\signss 1,Signs,SKU-0566,29.99,10.0,Signs - Product 566,50,/assets/images/Signs -- General\signss_1_.jpg
Signs Led & Neon\beauty Salon Neon Signs Lifestyle Image 1 Bbbsns15 1 Us,Signs,SKU-0567,29.99,10.0,Signs - Product 567,50,/assets/images/Signs -- LED & Neon\beauty-salon-neon-signs-lifestyle-image-1-bbbsns15_1_us.jpg
Signs Led & Neon\custom Led Logo Neon Signs Lifestyle Image 1 Bbnslns001 1 Us,Signs,SKU-0568,29.99,10.0,Signs - Product 568,50,/assets/images/Signs -- LED & Neon\custom-led-logo-neon-signs-lifestyle-image-1-bbnslns001_1_us.jpg
Signs Led & Neon\gaming Neon Signs Lifestyle Image 1 Bbgns N11 1 Us,Signs,SKU-0569,29.99,10.0,Signs - Product 569,50,/assets/images/Signs -- LED & Neon\gaming-neon-signs-lifestyle-image-1-bbgns-n11_1_us.jpg
Signs Led & Neon\halloween Neon Signs Lifestyle Image 1 Bbhns N04 1 Us,Signs,SKU-0570,29.99,10.0,Signs - Product 570,50,/assets/images/Signs -- LED & Neon\halloween-neon-signs-lifestyle-image-1-bbhns-n04_1_us.jpg
Signs Led & Neon\halo Lit Acrylic Letters Letters Letters Lifestyle Image Albllnled01 1 Us,Signs,SKU-0571,29.99,10.0,Signs - Product 571,50,/assets/images/Signs -- LED & Neon\halo-lit-acrylic-letters-letters-letters-lifestyle-image-albllnled01_1_us.jpg
Signs Led & Neon\halo Lit Brass Letters Lifestyle Image Albllnled05 1 Us,Signs,SKU-0572,29.99,10.0,Signs - Product 572,50,/assets/images/Signs -- LED & Neon\halo-lit-brass-letters-lifestyle-image-albllnled05_1_us.jpg
Signs Led & Neon\inspirational Neon Signs Lifestyle Image 1 Bbins N07 1 Us,Signs,SKU-0573,29.99,10.0,Signs - Product 573,50,/assets/images/Signs -- LED & Neon\inspirational-neon-signs-lifestyle-image-1-bbins-n07_1_us.jpg
Signs Led & Neon\kids Neon Signs Lifestyle Image 1 Bbkns N10 1 Us,Signs,SKU-0574,29.99,10.0,Signs - Product 574,50,/assets/images/Signs -- LED & Neon\kids-neon-signs-lifestyle-image-1-bbkns-n10_1_us.jpg
Signs Led & Neon\led Acrylic Letters Letters Lifestyle Image Albllnled02 1 Us,Signs,SKU-0575,29.99,10.0,Signs - Product 575,50,/assets/images/Signs -- LED & Neon\led-acrylic-letters-letters-lifestyle-image-albllnled02_1_us.jpg
Signs Led & Neon\n Bar Neon Signs Lifestyle Image 1 Bbbns02 1 Us,Signs,SKU-0576,29.99,10.0,Signs - Product 576,50,/assets/images/Signs -- LED & Neon\n_bar-neon-signs-lifestyle-image-1-bbbns02_1_us.jpg
Signs Led & Neon\n Happy New Year Neon Signs Lifestyle Image 1 Bbhnynshny01 1 Us,Signs,SKU-0577,29.99,10.0,Signs - Product 577,50,/assets/images/Signs -- LED & Neon\n_happy-new-year-neon-signs-lifestyle-image-1-bbhnynshny01_1_us.jpg
Signs Led & Neon\n Open Neon Signs Lifestyle Image 1 Bbons01 1 Us,Signs,SKU-0578,29.99,10.0,Signs - Product 578,50,/assets/images/Signs -- LED & Neon\n_open-neon-signs-lifestyle-image-1-bbons01_1_us.jpg
Signs Led & Neon\party Neon Signs Lifestyle Image 1 Bbpns N09 1 Us,Signs,SKU-0579,29.99,10.0,Signs - Product 579,50,/assets/images/Signs -- LED & Neon\party-neon-signs-lifestyle-image-1-bbpns-n09_1_us.jpg
Signs Led & Neon\restaurant Neon Signs Lifestyle Image 1 Bbrns N01 1 Us,Signs,SKU-0580,29.99,10.0,Signs - Product 580,50,/assets/images/Signs -- LED & Neon\restaurant-neon-signs-lifestyle-image-1-bbrns-n01_1_us.jpg
Signs Led & Neon\romantic Neon Signs Lifestyle Image 1 Bbrns N06 1 Us,Signs,SKU-0581,29.99,10.0,Signs - Product 581,50,/assets/images/Signs -- LED & Neon\romantic-neon-signs-lifestyle-image-1-bbrns-n06_1_us.jpg
Signs Led & Neon\symbols Neon Signs Lifestyle Image 1 Bbsns N02 1 Us,Signs,SKU-0582,29.99,10.0,Signs - Product 582,50,/assets/images/Signs -- LED & Neon\symbols-neon-signs-lifestyle-image-1-bbsns-n02_1_us.jpg
Signs Led & Neon\wedding Neon Signs Lifestyle Image 1 Bbwns N05 1 Us,Signs,SKU-0583,29.99,10.0,Signs - Product 583,50,/assets/images/Signs -- LED & Neon\wedding-neon-signs-lifestyle-image-1-bbwns-n05_1_us.jpg
Signs Led & Neon\zodiac Neon Signs Lifestyle Image 1 Bbzns N08 1 Us,Signs,SKU-0584,29.99,10.0,Signs - Product 584,50,/assets/images/Signs -- LED & Neon\zodiac-neon-signs-lifestyle-image-1-bbzns-n08_1_us.jpg
Signs Yard Signs\yardsign 01 4526,Signs,SKU-0585,29.99,10.0,Signs - Product 585,50,/assets/images/Signs -- Yard Signs\YardSign-01-4526.png
Stands General\standardaluminum 01 4498,Accessories,SKU-0586,29.99,10.0,Accessories - Product 586,50,/assets/images/Stands -- General\StandardAluminum-01-4498.png
Stands General\touch Free Dispenser Floor Stand 005,Accessories,SKU-0587,29.99,10.0,Accessories - Product 587,50,/assets/images/Stands -- General\touch-free-dispenser-floor-stand-005.jpg
Stands Retractable\retractable 4496,Table Covers,SKU-0588,29.99,10.0,Table Covers - Product 588,50,/assets/images/Stands -- Retractable\Retractable-4496.png
Table Covers Fitted\505 Fitted Table Covers Lifestyle Image Cfmftc01 1 Us,Table Covers,SKU-0589,29.99,10.0,Table Covers - Product 589,50,/assets/images/Table Covers -- Fitted\505_fitted-table-covers-lifestyle-image-cfmftc01_1_us.jpg
Table Covers Fitted\505 Round Fitted Table Covers Lifestyle Image Cfmrft01 1 Us,Table Covers,SKU-0590,29.99,10.0,Table Covers - Product 590,50,/assets/images/Table Covers -- Fitted\505_round-fitted-table-covers-lifestyle-image-cfmrft01_1_us.jpg
Table Covers Stretch\505 Round Stretch Table Covers Lifestyle Image Cfmrst01 1 Us,Table Covers,SKU-0591,29.99,10.0,Table Covers - Product 591,50,/assets/images/Table Covers -- Stretch\505_round-stretch-table-covers-lifestyle-image-cfmrst01_1_us.jpg
Table Covers Stretch\505 Stretch Table Covers Lifestyle Image Cfmstc01 1 Us,Table Covers,SKU-0592,29.99,10.0,Table Covers - Product 592,50,/assets/images/Table Covers -- Stretch\505_stretch-table-covers-lifestyle-image-cfmstc01_1_us.jpg
Uncategorized\1 4 1,Accessories,SKU-0593,29.99,10.0,Accessories - Product 593,50,/assets/images/Uncategorized\1_4_1.jpg
Uncategorized\250thidayprep C1 B1 0106 1406 Us Cb 1920x380 Accessories,Accessories,SKU-0594,29.99,10.0,Accessories - Product 594,50,/assets/images/Uncategorized\250thIDayPrep_C1_B1_0106-1406_US_CB_1920x380_Accessories.jpg
Uncategorized\250thidayprep C1 B1 0106 1406 Us Cb 1920x380 Marketing Material,Accessories,SKU-0595,29.99,10.0,Accessories - Product 595,50,/assets/images/Uncategorized\250thIDayPrep_C1_B1_0106-1406_US_CB_1920x380_Marketing_Material.jpg
Uncategorized\acrylic Sfh 01 4460,Accessories,SKU-0596,29.99,10.0,Accessories - Product 596,50,/assets/images/Uncategorized\Acrylic-SFH-01-4460.png
Uncategorized\businesscards 4467,Accessories,SKU-0597,29.99,10.0,Accessories - Product 597,50,/assets/images/Uncategorized\Businesscards-4467.png
Uncategorized\campaign Thumb 01 5574,Accessories,SKU-0598,29.99,10.0,Accessories - Product 598,50,/assets/images/Uncategorized\Campaign-Thumb-01-5574.png
Uncategorized\canvas 4564,Accessories,SKU-0599,29.99,10.0,Accessories - Product 599,50,/assets/images/Uncategorized\Canvas-4564.png
Uncategorized\category Accsessories,Accessories,SKU-0600,29.99,10.0,Accessories - Product 600,50,/assets/images/Uncategorized\Category-Accsessories.jpg
Uncategorized\promotional Magnets Thumbnail 7223,Accessories,SKU-0601,29.99,10.0,Accessories - Product 601,50,/assets/images/Uncategorized\Promotional-Magnets-Thumbnail-7223.png
Uncategorized\retail 01 4495,Accessories,SKU-0602,29.99,10.0,Accessories - Product 602,50,/assets/images/Uncategorized\Retail-01-4495.png
Uncategorized\rigidplastic 01 4497,Accessories,SKU-0603,29.99,10.0,Accessories - Product 603,50,/assets/images/Uncategorized\RigidPlastic-01-4497.png
Uncategorized\step N Repeat 01 4499,Accessories,SKU-0604,29.99,10.0,Accessories - Product 604,50,/assets/images/Uncategorized\Step-N-Repeat-01-4499.png
Uncategorized\vehicle Magnets 01 4513,Accessories,SKU-0605,29.99,10.0,Accessories - Product 605,50,/assets/images/Uncategorized\Vehicle-Magnets-01-4513.png
Uncategorized\a101 Bbcanb01 1 Us,Accessories,SKU-0606,29.99,10.0,Accessories - Product 606,50,/assets/images/Uncategorized\a101_bbcanb01_1_us.jpg
Uncategorized\a101 Bbcdcd01 1 Us,Accessories,SKU-0607,29.99,10.0,Accessories - Product 607,50,/assets/images/Uncategorized\a101_bbcdcd01_1_us.jpg
Uncategorized\a101 Bbcfmpf 1 Us,Accessories,SKU-0608,29.99,10.0,Accessories - Product 608,50,/assets/images/Uncategorized\a101_bbcfmpf_1_us.jpg
Uncategorized\a101 Bbclc01 1 Us,Accessories,SKU-0609,29.99,10.0,Accessories - Product 609,50,/assets/images/Uncategorized\a101_bbclc01_1_us.jpg
Uncategorized\a101 Bbcm01 1 Us,Accessories,SKU-0610,29.99,10.0,Accessories - Product 610,50,/assets/images/Uncategorized\a101_bbcm01_1_us.jpg
Uncategorized\a101 Bbcusf01 1 Us,Accessories,SKU-0611,29.99,10.0,Accessories - Product 611,50,/assets/images/Uncategorized\a101_bbcusf01_1_us.jpg
Uncategorized\a101 Bbdh01 1 Us,Accessories,SKU-0612,29.99,10.0,Accessories - Product 612,50,/assets/images/Uncategorized\a101_bbdh01_1_us.jpg
Uncategorized\a101 Bbdsfb01 1 Us,Accessories,SKU-0613,29.99,10.0,Accessories - Product 613,50,/assets/images/Uncategorized\a101_bbdsfb01_1_us.jpg
Uncategorized\a101 Bbevt01 1 Us,Accessories,SKU-0614,29.99,10.0,Accessories - Product 614,50,/assets/images/Uncategorized\a101_bbevt01_1_us.jpg
Uncategorized\a101 Bbfdsc01 1 Us,Accessories,SKU-0615,29.99,10.0,Accessories - Product 615,50,/assets/images/Uncategorized\a101_bbfdsc01_1_us.jpg
Uncategorized\a101 Bbfdsc02 1 Us,Accessories,SKU-0616,29.99,10.0,Accessories - Product 616,50,/assets/images/Uncategorized\a101_bbfdsc02_1_us.jpg
Uncategorized\a101 Bbhcbb01 1 Us,Accessories,SKU-0617,29.99,10.0,Accessories - Product 617,50,/assets/images/Uncategorized\a101_bbhcbb01_1_us.jpg
Uncategorized\a101 Bbly01 1 Us,Accessories,SKU-0618,29.99,10.0,Accessories - Product 618,50,/assets/images/Uncategorized\a101_bbly01_1_us.jpg
Uncategorized\a101 Bbmesf01 1 Us,Accessories,SKU-0619,29.99,10.0,Accessories - Product 619,50,/assets/images/Uncategorized\a101_bbmesf01_1_us.jpg
Uncategorized\a101 Bbnp01 1 Us,Accessories,SKU-0620,29.99,10.0,Accessories - Product 620,50,/assets/images/Uncategorized\a101_bbnp01_1_us.jpg
Uncategorized\a101 Bbosc01 1 Us,Accessories,SKU-0621,29.99,10.0,Accessories - Product 621,50,/assets/images/Uncategorized\a101_bbosc01_1_us.jpg
Uncategorized\a101 Bbpklb01 1 Us,Accessories,SKU-0622,29.99,10.0,Accessories - Product 622,50,/assets/images/Uncategorized\a101_bbpklb01_1_us.jpg
Uncategorized\a101 Bbprpp01 1 Us,Accessories,SKU-0623,29.99,10.0,Accessories - Product 623,50,/assets/images/Uncategorized\a101_bbprpp01_1_us.jpg
Uncategorized\a101 Bbpst01 1 Us,Accessories,SKU-0624,29.99,10.0,Accessories - Product 624,50,/assets/images/Uncategorized\a101_bbpst01_1_us.jpg
Uncategorized\a101 Bbpsvd02 1 Us,Accessories,SKU-0625,29.99,10.0,Accessories - Product 625,50,/assets/images/Uncategorized\a101_bbpsvd02_1_us.jpg
Uncategorized\a101 Bbpsvl01 2 Us,Accessories,SKU-0626,29.99,10.0,Accessories - Product 626,50,/assets/images/Uncategorized\a101_bbpsvl01_2_us.jpg
Uncategorized\a101 Bbrc01 1 Us,Accessories,SKU-0627,29.99,10.0,Accessories - Product 627,50,/assets/images/Uncategorized\a101_bbrc01_1_us.jpg
Uncategorized\a101 Bbrdipf02 1 Us,Accessories,SKU-0628,29.99,10.0,Accessories - Product 628,50,/assets/images/Uncategorized\a101_bbrdipf02_1_us.jpg
Uncategorized\a101 Bbrdpf02 1 Us,Accessories,SKU-0629,29.99,10.0,Accessories - Product 629,50,/assets/images/Uncategorized\a101_bbrdpf02_1_us.jpg
Uncategorized\a101 Bbsbc01 1 Us,Accessories,SKU-0630,29.99,10.0,Accessories - Product 630,50,/assets/images/Uncategorized\a101_bbsbc01_1_us.jpg
Uncategorized\a101 Bbsks01 1 Us,Accessories,SKU-0631,29.99,10.0,Accessories - Product 631,50,/assets/images/Uncategorized\a101_bbsks01_1_us.jpg
Uncategorized\a101 Bbspc01 1 Us,Accessories,SKU-0632,29.99,10.0,Accessories - Product 632,50,/assets/images/Uncategorized\a101_bbspc01_1_us.jpg
Uncategorized\a101 Bbtc01 1 Us,Accessories,SKU-0633,29.99,10.0,Accessories - Product 633,50,/assets/images/Uncategorized\a101_bbtc01_1_us.jpg
Uncategorized\a101 Bbvehl01 2 Us,Accessories,SKU-0634,29.99,10.0,Accessories - Product 634,50,/assets/images/Uncategorized\a101_bbvehl01_2_us.jpg
Uncategorized\a101 Bbwblb01 1 Us,Accessories,SKU-0635,29.99,10.0,Accessories - Product 635,50,/assets/images/Uncategorized\a101_bbwblb01_1_us.jpg
Uncategorized\a101 Bbwd01 1 Us,Accessories,SKU-0636,29.99,10.0,Accessories - Product 636,50,/assets/images/Uncategorized\a101_bbwd01_1_us.jpg
Uncategorized\a101 Bbwinl01 2 Us,Accessories,SKU-0637,29.99,10.0,Accessories - Product 637,50,/assets/images/Uncategorized\a101_bbwinl01_2_us.jpg
Uncategorized\a101 Esmefr01 1 Us,Accessories,SKU-0638,29.99,10.0,Accessories - Product 638,50,/assets/images/Uncategorized\a101_esmefr01_1_us.jpg
Uncategorized\a101 Essdbl01 1 Us,Accessories,SKU-0639,29.99,10.0,Accessories - Product 639,50,/assets/images/Uncategorized\a101_essdbl01_1_us.jpg
Uncategorized\a101 Essdwh01 1 Us,Accessories,SKU-0640,29.99,10.0,Accessories - Product 640,50,/assets/images/Uncategorized\a101_essdwh01_1_us.jpg
Uncategorized\a101 Hctt01 1 Us,Accessories,SKU-0641,29.99,10.0,Accessories - Product 641,50,/assets/images/Uncategorized\a101_hctt01_1_us.jpg
Uncategorized\a101 Naltsb02 1 Us,Accessories,SKU-0642,29.99,10.0,Accessories - Product 642,50,/assets/images/Uncategorized\a101_naltsb02_1_us.jpg
Uncategorized\a101 Naltsb04 1 Us,Accessories,SKU-0643,29.99,10.0,Accessories - Product 643,50,/assets/images/Uncategorized\a101_naltsb04_1_us.jpg
Uncategorized\a101 Upbopr01 1 Us,Accessories,SKU-0644,29.99,10.0,Accessories - Product 644,50,/assets/images/Uncategorized\a101_upbopr01_1_us.jpg
Uncategorized\a101 Upbufy01 1 Us,Accessories,SKU-0645,29.99,10.0,Accessories - Product 645,50,/assets/images/Uncategorized\a101_upbufy01_1_us.jpg
Uncategorized\a101 Upbufy02 1 Us,Accessories,SKU-0646,29.99,10.0,Accessories - Product 646,50,/assets/images/Uncategorized\a101_upbufy02_1_us.jpg
Uncategorized\a101 Upclfl01 1 Us,Accessories,SKU-0647,29.99,10.0,Accessories - Product 647,50,/assets/images/Uncategorized\a101_upclfl01_1_us.jpg
Uncategorized\a101 Upctsl01 1 Us,Accessories,SKU-0648,29.99,10.0,Accessories - Product 648,50,/assets/images/Uncategorized\a101_upctsl01_1_us.jpg
Uncategorized\a101 Updcbc06 1 Us,Accessories,SKU-0649,29.99,10.0,Accessories - Product 649,50,/assets/images/Uncategorized\a101_updcbc06_1_us.jpg
Uncategorized\alc202 Bbbun01 1 Us,Accessories,SKU-0650,29.99,10.0,Accessories - Product 650,50,/assets/images/Uncategorized\alc202_bbbun01_1_us.jpg
Uncategorized\alc202 Bbnr01 1,Accessories,SKU-0651,29.99,10.0,Accessories - Product 651,50,/assets/images/Uncategorized\alc202_bbnr01_1.jpg
Uncategorized\alc202 Bbsg01 1 Us,Accessories,SKU-0652,29.99,10.0,Accessories - Product 652,50,/assets/images/Uncategorized\alc202_bbsg01_1_us.jpg
Uncategorized\alc202 Bbzt01 1 Us,Accessories,SKU-0653,29.99,10.0,Accessories - Product 653,50,/assets/images/Uncategorized\alc202_bbzt01_1_us.jpg
Uncategorized\bbbct01 1,Accessories,SKU-0654,29.99,10.0,Accessories - Product 654,50,/assets/images/Uncategorized\bbbct01_1.jpg
Uncategorized\bbexbood01 1,Accessories,SKU-0655,29.99,10.0,Accessories - Product 655,50,/assets/images/Uncategorized\bbexbood01-1.jpg
Uncategorized\bbexbood122 1,Accessories,SKU-0656,29.99,10.0,Accessories - Product 656,50,/assets/images/Uncategorized\bbexbood122-1.jpg
Uncategorized\bbexbood211 1,Accessories,SKU-0657,29.99,10.0,Accessories - Product 657,50,/assets/images/Uncategorized\bbexbood211-1.jpg
Uncategorized\bbexbood221 1,Accessories,SKU-0658,29.99,10.0,Accessories - Product 658,50,/assets/images/Uncategorized\bbexbood221-1.jpg
Uncategorized\bbexbood311 1,Accessories,SKU-0659,29.99,10.0,Accessories - Product 659,50,/assets/images/Uncategorized\bbexbood311-1.jpg
Uncategorized\bbexbood321 1 1,Accessories,SKU-0660,29.99,10.0,Accessories - Product 660,50,/assets/images/Uncategorized\bbexbood321-1_1.jpg
Uncategorized\bbexbood521 1,Accessories,SKU-0661,29.99,10.0,Accessories - Product 661,50,/assets/images/Uncategorized\bbexbood521-1.jpg
Uncategorized\bbexbood621 1,Accessories,SKU-0662,29.99,10.0,Accessories - Product 662,50,/assets/images/Uncategorized\bbexbood621-1.jpg
Uncategorized\bbexbood721 1,Accessories,SKU-0663,29.99,10.0,Accessories - Product 663,50,/assets/images/Uncategorized\bbexbood721-1.jpg
Uncategorized\bbpls05 1,Accessories,SKU-0664,29.99,10.0,Accessories - Product 664,50,/assets/images/Uncategorized\bbpls05_1.jpg
Uncategorized\bbprf01 1 Us N,Accessories,SKU-0665,29.99,10.0,Accessories - Product 665,50,/assets/images/Uncategorized\bbprf01_1_us_n.jpg
Uncategorized\bbrefl01 1 Us 1,Accessories,SKU-0666,29.99,10.0,Accessories - Product 666,50,/assets/images/Uncategorized\bbrefl01_1_us_1.jpg
Uncategorized\cfmswf01 1 Us 1,Accessories,SKU-0667,29.99,10.0,Accessories - Product 667,50,/assets/images/Uncategorized\cfmswf01_1_us_1.jpg
Uncategorized\cfmttb01 1 Us,Accessories,SKU-0668,29.99,10.0,Accessories - Product 668,50,/assets/images/Uncategorized\cfmttb01_1_us.jpg
Uncategorized\cfmttb02 1 Us 1,Accessories,SKU-0669,29.99,10.0,Accessories - Product 669,50,/assets/images/Uncategorized\cfmttb02_1_us_1.jpg
Uncategorized\cfmttb03 1 Us,Accessories,SKU-0670,29.99,10.0,Accessories - Product 670,50,/assets/images/Uncategorized\cfmttb03_1_us.jpg
Uncategorized\clear 8233,Accessories,SKU-0671,29.99,10.0,Accessories - Product 671,50,/assets/images/Uncategorized\clear-8233.jpg
Uncategorized\curbside Pick Up 1,Accessories,SKU-0672,29.99,10.0,Accessories - Product 672,50,/assets/images/Uncategorized\curbside-pick-up-1.jpg
Uncategorized\custom License Plates New,Accessories,SKU-0673,29.99,10.0,Accessories - Product 673,50,/assets/images/Uncategorized\custom-license-plates-new.jpg
Uncategorized\fab Icon,Accessories,SKU-0674,29.99,10.0,Accessories - Product 674,50,/assets/images/Uncategorized\fab-icon.png
Uncategorized\gmgfgp01 1 Us V1,Accessories,SKU-0675,29.99,10.0,Accessories - Product 675,50,/assets/images/Uncategorized\gmgfgp01_1_us_v1.jpg
Uncategorized\keep Out 1,Accessories,SKU-0676,29.99,10.0,Accessories - Product 676,50,/assets/images/Uncategorized\keep-out-1.jpg
Uncategorized\logo 48,Accessories,SKU-0677,29.99,10.0,Accessories - Product 677,50,/assets/images/Uncategorized\logo_48.png
Uncategorized\mag101 Bbcms01 1 Us,Accessories,SKU-0678,29.99,10.0,Accessories - Product 678,50,/assets/images/Uncategorized\mag101_bbcms01_1_us.jpg
Uncategorized\mag101 Bbmssg01 1 Us,Accessories,SKU-0679,29.99,10.0,Accessories - Product 679,50,/assets/images/Uncategorized\mag101_bbmssg01_1_us.jpg
Uncategorized\mag101 Bbmsvm01 1 Us,Accessories,SKU-0680,29.99,10.0,Accessories - Product 680,50,/assets/images/Uncategorized\mag101_bbmsvm01_1_us.jpg
Uncategorized\n01 Bbbgfg01 1 Us,Accessories,SKU-0681,29.99,10.0,Accessories - Product 681,50,/assets/images/Uncategorized\n01_bbbgfg01_1_us.jpg
Uncategorized\n01 Bbcarf01 1 Us,Accessories,SKU-0682,29.99,10.0,Accessories - Product 682,50,/assets/images/Uncategorized\n01_bbcarf01_1_us.jpg
Uncategorized\n01 Bbcfmbpf03 1 Us,Accessories,SKU-0683,29.99,10.0,Accessories - Product 683,50,/assets/images/Uncategorized\n01_bbcfmbpf03_1_us.jpg
Uncategorized\n01 Bbcfmcf03 1 Us,Accessories,SKU-0684,29.99,10.0,Accessories - Product 684,50,/assets/images/Uncategorized\n01_bbcfmcf03_1_us.jpg
Uncategorized\n01 Bbcfmgnf 1 Us,Accessories,SKU-0685,29.99,10.0,Accessories - Product 685,50,/assets/images/Uncategorized\n01_bbcfmgnf_1_us.jpg
Uncategorized\n01 Bbcfmhf 1 Us,Accessories,SKU-0686,29.99,10.0,Accessories - Product 686,50,/assets/images/Uncategorized\n01_bbcfmhf_1_us.jpg
Uncategorized\n01 Bbcvfg01 1 Us,Accessories,SKU-0687,29.99,10.0,Accessories - Product 687,50,/assets/images/Uncategorized\n01_bbcvfg01_1_us.jpg
Uncategorized\n01 Bbfrfg01 1 Us,Accessories,SKU-0688,29.99,10.0,Accessories - Product 688,50,/assets/images/Uncategorized\n01_bbfrfg01_1_us.jpg
Uncategorized\n01 Bbfrfgm02 1 Us,Accessories,SKU-0689,29.99,10.0,Accessories - Product 689,50,/assets/images/Uncategorized\n01_bbfrfgm02_1_us.jpg
Uncategorized\n01 Bbhcfmhf 1 Us,Accessories,SKU-0690,29.99,10.0,Accessories - Product 690,50,/assets/images/Uncategorized\n01_bbhcfmhf_1_us.jpg
Uncategorized\n01 Bblf01 1 Us,Accessories,SKU-0691,29.99,10.0,Accessories - Product 691,50,/assets/images/Uncategorized\n01_bblf01_1_us.jpg
Uncategorized\n01 Bbppff04 1 Us,Accessories,SKU-0692,29.99,10.0,Accessories - Product 692,50,/assets/images/Uncategorized\n01_bbppff04_1_us.jpg
Uncategorized\n01 Bbppff08 1 Us,Accessories,SKU-0693,29.99,10.0,Accessories - Product 693,50,/assets/images/Uncategorized\n01_bbppff08_1_us.jpg
Uncategorized\n01 Bbppff09 1 Us,Accessories,SKU-0694,29.99,10.0,Accessories - Product 694,50,/assets/images/Uncategorized\n01_bbppff09_1_us.jpg
Uncategorized\n01 Bbrmtf01 1 Us,Accessories,SKU-0695,29.99,10.0,Accessories - Product 695,50,/assets/images/Uncategorized\n01_bbrmtf01_1_us.jpg
Uncategorized\n01 Bbsfif01 1 Us,Accessories,SKU-0696,29.99,10.0,Accessories - Product 696,50,/assets/images/Uncategorized\n01_bbsfif01_1_us.jpg
Uncategorized\n01 Bbtrfg01 1 Us,Accessories,SKU-0697,29.99,10.0,Accessories - Product 697,50,/assets/images/Uncategorized\n01_bbtrfg01_1_us.jpg
Uncategorized\n01 Wsrdpf01 1 Us,Accessories,SKU-0698,29.99,10.0,Accessories - Product 698,50,/assets/images/Uncategorized\n01_wsrdpf01_1_us.jpg
Uncategorized\n0 Bbcb01 1 Us,Accessories,SKU-0699,29.99,10.0,Accessories - Product 699,50,/assets/images/Uncategorized\n0_bbcb01_1_us.jpg
Uncategorized\n0 Bbcfmbpf 1 Us,Accessories,SKU-0700,29.99,10.0,Accessories - Product 700,50,/assets/images/Uncategorized\n0_bbcfmbpf_1_us.jpg
Uncategorized\n0 Bbcfmcf02 1 Us,Accessories,SKU-0701,29.99,10.0,Accessories - Product 701,50,/assets/images/Uncategorized\n0_bbcfmcf02_1_us.jpg
Uncategorized\n0 Bbcfmcf 1 Us,Accessories,SKU-0702,29.99,10.0,Accessories - Product 702,50,/assets/images/Uncategorized\n0_bbcfmcf_1_us.jpg
Uncategorized\n0 Bbcfmdf02 1 Us,Accessories,SKU-0703,29.99,10.0,Accessories - Product 703,50,/assets/images/Uncategorized\n0_bbcfmdf02_1_us.jpg
Uncategorized\n0 Bbcfmdf 1 Us,Accessories,SKU-0704,29.99,10.0,Accessories - Product 704,50,/assets/images/Uncategorized\n0_bbcfmdf_1_us.jpg
Uncategorized\n0 Bbcfmgf01 1 Us,Accessories,SKU-0705,29.99,10.0,Accessories - Product 705,50,/assets/images/Uncategorized\n0_bbcfmgf01_1_us.jpg
Uncategorized\n0 Bbcfmgf02 1 Us,Accessories,SKU-0706,29.99,10.0,Accessories - Product 706,50,/assets/images/Uncategorized\n0_bbcfmgf02_1_us.jpg
Uncategorized\n0 Bbcfmscf02 1 Us,Accessories,SKU-0707,29.99,10.0,Accessories - Product 707,50,/assets/images/Uncategorized\n0_bbcfmscf02_1_us.jpg
Uncategorized\n0 Bbcfmscf 1 Us,Accessories,SKU-0708,29.99,10.0,Accessories - Product 708,50,/assets/images/Uncategorized\n0_bbcfmscf_1_us.jpg
Uncategorized\n0 Bbmesb01 1 Us,Accessories,SKU-0709,29.99,10.0,Accessories - Product 709,50,/assets/images/Uncategorized\n0_bbmesb01_1_us.jpg
Uncategorized\n0 Bbpls07 1,Accessories,SKU-0710,29.99,10.0,Accessories - Product 710,50,/assets/images/Uncategorized\n0_bbpls07_1.jpg
Uncategorized\n0 Bbpls24 1,Accessories,SKU-0711,29.99,10.0,Accessories - Product 711,50,/assets/images/Uncategorized\n0_bbpls24_1.jpg
Uncategorized\n0 Bbpolb01 2 Us,Accessories,SKU-0712,29.99,10.0,Accessories - Product 712,50,/assets/images/Uncategorized\n0_bbpolb01_2_us.jpg
Uncategorized\n0 Bbppff01 1 Us,Accessories,SKU-0713,29.99,10.0,Accessories - Product 713,50,/assets/images/Uncategorized\n0_bbppff01_1_us.jpg
Uncategorized\n0 Bbppff02 1 Us,Accessories,SKU-0714,29.99,10.0,Accessories - Product 714,50,/assets/images/Uncategorized\n0_bbppff02_1_us.jpg
Uncategorized\n0 Bbppff03 1 Us,Accessories,SKU-0715,29.99,10.0,Accessories - Product 715,50,/assets/images/Uncategorized\n0_bbppff03_1_us.jpg
Uncategorized\n0 Bbppff05 1 Us,Accessories,SKU-0716,29.99,10.0,Accessories - Product 716,50,/assets/images/Uncategorized\n0_bbppff05_1_us.jpg
Uncategorized\n0 Bbppff06 1 Us,Accessories,SKU-0717,29.99,10.0,Accessories - Product 717,50,/assets/images/Uncategorized\n0_bbppff06_1_us.jpg
Uncategorized\n0 Bbppff07 1 Us,Accessories,SKU-0718,29.99,10.0,Accessories - Product 718,50,/assets/images/Uncategorized\n0_bbppff07_1_us.jpg
Uncategorized\n0 Bbrdhd01 1 Us,Accessories,SKU-0719,29.99,10.0,Accessories - Product 719,50,/assets/images/Uncategorized\n0_bbrdhd01_1_us.jpg
Uncategorized\n0 Bbrmbb01 1 Us,Accessories,SKU-0720,29.99,10.0,Accessories - Product 720,50,/assets/images/Uncategorized\n0_bbrmbb01_1_us.jpg
Uncategorized\n0 Bbrmob01 1 Us,Accessories,SKU-0721,29.99,10.0,Accessories - Product 721,50,/assets/images/Uncategorized\n0_bbrmob01_1_us.jpg
Uncategorized\n0 Bbrmsb01 1 Us,Accessories,SKU-0722,29.99,10.0,Accessories - Product 722,50,/assets/images/Uncategorized\n0_bbrmsb01_1_us.jpg
Uncategorized\n0 Bbrmss01 1 Us,Accessories,SKU-0723,29.99,10.0,Accessories - Product 723,50,/assets/images/Uncategorized\n0_bbrmss01_1_us.jpg
Uncategorized\n0 Bbspb01 1 Us,Accessories,SKU-0724,29.99,10.0,Accessories - Product 724,50,/assets/images/Uncategorized\n0_bbspb01_1_us.jpg
Uncategorized\n0 Bbvbbb01 1 Us,Accessories,SKU-0725,29.99,10.0,Accessories - Product 725,50,/assets/images/Uncategorized\n0_bbvbbb01_1_us.jpg
Uncategorized\n0 Bbvbbb02 1 Us,Accessories,SKU-0726,29.99,10.0,Accessories - Product 726,50,/assets/images/Uncategorized\n0_bbvbbb02_1_us.jpg
Uncategorized\n0 Bbvbbb03 1 Us,Accessories,SKU-0727,29.99,10.0,Accessories - Product 727,50,/assets/images/Uncategorized\n0_bbvbbb03_1_us.jpg
Uncategorized\n0 Bbvbbb04 1 Us,Accessories,SKU-0728,29.99,10.0,Accessories - Product 728,50,/assets/images/Uncategorized\n0_bbvbbb04_1_us.jpg
Uncategorized\n0 Bbvbbb05 1 Us,Accessories,SKU-0729,29.99,10.0,Accessories - Product 729,50,/assets/images/Uncategorized\n0_bbvbbb05_1_us.jpg
Uncategorized\n0 Bbvbbb06 1 Us,Accessories,SKU-0730,29.99,10.0,Accessories - Product 730,50,/assets/images/Uncategorized\n0_bbvbbb06_1_us.jpg
Uncategorized\n0 Bbvbbb07 1 Us,Accessories,SKU-0731,29.99,10.0,Accessories - Product 731,50,/assets/images/Uncategorized\n0_bbvbbb07_1_us.jpg
Uncategorized\n0 Bbvbbb08 1 Us,Accessories,SKU-0732,29.99,10.0,Accessories - Product 732,50,/assets/images/Uncategorized\n0_bbvbbb08_1_us.jpg
Uncategorized\n0 Bbvbcb00 1 Us,Accessories,SKU-0733,29.99,10.0,Accessories - Product 733,50,/assets/images/Uncategorized\n0_bbvbcb00_1_us.jpg
Uncategorized\n0 Bbvbcb01 1 Us,Accessories,SKU-0734,29.99,10.0,Accessories - Product 734,50,/assets/images/Uncategorized\n0_bbvbcb01_1_us.jpg
Uncategorized\n0 Bbvbcb02 1 Us,Accessories,SKU-0735,29.99,10.0,Accessories - Product 735,50,/assets/images/Uncategorized\n0_bbvbcb02_1_us.jpg
Uncategorized\n0 Bbvbcb05 1 Us,Accessories,SKU-0736,29.99,10.0,Accessories - Product 736,50,/assets/images/Uncategorized\n0_bbvbcb05_1_us.jpg
Uncategorized\n0 Bbvbcb06 1 Us,Accessories,SKU-0737,29.99,10.0,Accessories - Product 737,50,/assets/images/Uncategorized\n0_bbvbcb06_1_us.jpg
Uncategorized\n0 Bbvbcb10 1 Us,Accessories,SKU-0738,29.99,10.0,Accessories - Product 738,50,/assets/images/Uncategorized\n0_bbvbcb10_1_us.jpg
Uncategorized\n0 Bbvbhb01 1 Us,Accessories,SKU-0739,29.99,10.0,Accessories - Product 739,50,/assets/images/Uncategorized\n0_bbvbhb01_1_us.jpg
Uncategorized\n0 Bbvbob01 1 Us,Accessories,SKU-0740,29.99,10.0,Accessories - Product 740,50,/assets/images/Uncategorized\n0_bbvbob01_1_us.png
Uncategorized\n0 Bbvbpb01 1 Us,Accessories,SKU-0741,29.99,10.0,Accessories - Product 741,50,/assets/images/Uncategorized\n0_bbvbpb01_1_us.jpg
Uncategorized\n3 Bbbb01 1 Us,Accessories,SKU-0742,29.99,10.0,Accessories - Product 742,50,/assets/images/Uncategorized\n3_bbbb01_1_us.jpg
Uncategorized\n3 Bbbefg01 1 Us,Accessories,SKU-0743,29.99,10.0,Accessories - Product 743,50,/assets/images/Uncategorized\n3_bbbefg01_1_us.jpg
Uncategorized\n3 Bbdsb01 1 Us,Accessories,SKU-0744,29.99,10.0,Accessories - Product 744,50,/assets/images/Uncategorized\n3_bbdsb01_1_us.jpg
Uncategorized\n3 Bbipfb01 1 Us,Accessories,SKU-0745,29.99,10.0,Accessories - Product 745,50,/assets/images/Uncategorized\n3_bbipfb01_1_us.jpg
Uncategorized\n3 Bblob01 1 Us,Accessories,SKU-0746,29.99,10.0,Accessories - Product 746,50,/assets/images/Uncategorized\n3_bblob01_1_us.jpg
Uncategorized\n3 Bbopfb01 1 Us,Accessories,SKU-0747,29.99,10.0,Accessories - Product 747,50,/assets/images/Uncategorized\n3_bbopfb01_1_us.jpg
Uncategorized\n3 Bbpfb01 1 Us,Accessories,SKU-0748,29.99,10.0,Accessories - Product 748,50,/assets/images/Uncategorized\n3_bbpfb01_1_us.jpg
Uncategorized\naltsb06 1,Accessories,SKU-0749,29.99,10.0,Accessories - Product 749,50,/assets/images/Uncategorized\naltsb06_1.jpg
Uncategorized\no Dining 1,Accessories,SKU-0750,29.99,10.0,Accessories - Product 750,50,/assets/images/Uncategorized\no-dining-1.jpg
Uncategorized\opaque 8244,Accessories,SKU-0751,29.99,10.0,Accessories - Product 751,50,/assets/images/Uncategorized\opaque-8244.jpg
Uncategorized\pacg101 Bbaptc 1 Us,Accessories,SKU-0752,29.99,10.0,Accessories - Product 752,50,/assets/images/Uncategorized\pacg101_bbaptc_1_us.jpg
Uncategorized\pacg101 Bbhmptc 1 Us,Accessories,SKU-0753,29.99,10.0,Accessories - Product 753,50,/assets/images/Uncategorized\pacg101_bbhmptc_1_us.jpg
Uncategorized\perforated 8245,Accessories,SKU-0754,29.99,10.0,Accessories - Product 754,50,/assets/images/Uncategorized\perforated-8245.jpg
Uncategorized\pocket Chair Cover 21th July,Table Covers,SKU-0755,29.99,10.0,Table Covers - Product 755,50,/assets/images/Uncategorized\pocket-chair-cover-21th-july.jpg
Uncategorized\pwipbc01 1 1,Accessories,SKU-0756,29.99,10.0,Accessories - Product 756,50,/assets/images/Uncategorized\pwipbc01_1_1.jpg
Uncategorized\reverse Cut Forsted 8248,Accessories,SKU-0757,29.99,10.0,Accessories - Product 757,50,/assets/images/Uncategorized\reverse-cut-forsted-8248.jpg
Uncategorized\review Bg,Accessories,SKU-0758,29.99,10.0,Accessories - Product 758,50,/assets/images/Uncategorized\review-bg.png
Uncategorized\rolllabels 1,Accessories,SKU-0759,29.99,10.0,Accessories - Product 759,50,/assets/images/Uncategorized\rolllabels_1.jpg
Uncategorized\rs101 Bbbhco01 1 Us,Accessories,SKU-0760,29.99,10.0,Accessories - Product 760,50,/assets/images/Uncategorized\rs101_bbbhco01_1_us.jpg
Uncategorized\rs101 Bbcals01 1 Us,Accessories,SKU-0761,29.99,10.0,Accessories - Product 761,50,/assets/images/Uncategorized\rs101_bbcals01_1_us.jpg
Uncategorized\rs101 Bbpfbs01 1 Us,Accessories,SKU-0762,29.99,10.0,Accessories - Product 762,50,/assets/images/Uncategorized\rs101_bbpfbs01_1_us.jpg
Uncategorized\rs101 Gmsibo01 1 Us,Accessories,SKU-0763,29.99,10.0,Accessories - Product 763,50,/assets/images/Uncategorized\rs101_gmsibo01_1_us.jpg
Uncategorized\rt201 Bbcfmxpt1 1 Us,Accessories,SKU-0764,29.99,10.0,Accessories - Product 764,50,/assets/images/Uncategorized\rt201_bbcfmxpt1_1_us.jpg
Uncategorized\rt201 Bbcfmxpt2 1 Us,Accessories,SKU-0765,29.99,10.0,Accessories - Product 765,50,/assets/images/Uncategorized\rt201_bbcfmxpt2_1_us.jpg
Uncategorized\rt201 Bbcfmxpt3 1 Us,Accessories,SKU-0766,29.99,10.0,Accessories - Product 766,50,/assets/images/Uncategorized\rt201_bbcfmxpt3_1_us.jpg
Uncategorized\rt201 Bbcfmxpt4 1 Us,Accessories,SKU-0767,29.99,10.0,Accessories - Product 767,50,/assets/images/Uncategorized\rt201_bbcfmxpt4_1_us.jpg
Uncategorized\rt201 Bbcfmxpt5 1 Us,Accessories,SKU-0768,29.99,10.0,Accessories - Product 768,50,/assets/images/Uncategorized\rt201_bbcfmxpt5_1_us.jpg
Uncategorized\rt201 Bbcfmxpt6 1 Us,Accessories,SKU-0769,29.99,10.0,Accessories - Product 769,50,/assets/images/Uncategorized\rt201_bbcfmxpt6_1_us.jpg
Uncategorized\rt201 Bbcfmxpt7 1 Us,Accessories,SKU-0770,29.99,10.0,Accessories - Product 770,50,/assets/images/Uncategorized\rt201_bbcfmxpt7_1_us.jpg
Uncategorized\rt201 Bbcfmxpt8 1 Us,Accessories,SKU-0771,29.99,10.0,Accessories - Product 771,50,/assets/images/Uncategorized\rt201_bbcfmxpt8_1_us.jpg
Uncategorized\rt201 Bbcfmxpt9 1 Us,Accessories,SKU-0772,29.99,10.0,Accessories - Product 772,50,/assets/images/Uncategorized\rt201_bbcfmxpt9_1_us.jpg
Uncategorized\rt201 Bbmxtt01 1 Us,Accessories,SKU-0773,29.99,10.0,Accessories - Product 773,50,/assets/images/Uncategorized\rt201_bbmxtt01_1_us.jpg
Uncategorized\rt201 Wsdrst24 1 Us,Accessories,SKU-0774,29.99,10.0,Accessories - Product 774,50,/assets/images/Uncategorized\rt201_wsdrst24_1_us.jpg
Uncategorized\rt201 Wsdrst36 1 Us,Accessories,SKU-0775,29.99,10.0,Accessories - Product 775,50,/assets/images/Uncategorized\rt201_wsdrst36_1_us.jpg
Uncategorized\rt201 Wsdrst48 1 Us,Accessories,SKU-0776,29.99,10.0,Accessories - Product 776,50,/assets/images/Uncategorized\rt201_wsdrst48_1_us.jpg
Uncategorized\rt201 Wsdrst60 1 Us,Accessories,SKU-0777,29.99,10.0,Accessories - Product 777,50,/assets/images/Uncategorized\rt201_wsdrst60_1_us.jpg
Uncategorized\security Badges,Accessories,SKU-0778,29.99,10.0,Accessories - Product 778,50,/assets/images/Uncategorized\security-badges.jpg
Uncategorized\shop Confidence New,Accessories,SKU-0779,29.99,10.0,Accessories - Product 779,50,/assets/images/Uncategorized\shop-confidence-new.png
Uncategorized\size 1 8280,Accessories,SKU-0780,29.99,10.0,Accessories - Product 780,50,/assets/images/Uncategorized\size-1-8280.png
Uncategorized\social Distancing 1,Accessories,SKU-0781,29.99,10.0,Accessories - Product 781,50,/assets/images/Uncategorized\social-distancing-1.jpg
Uncategorized\take Away 1,Accessories,SKU-0782,29.99,10.0,Accessories - Product 782,50,/assets/images/Uncategorized\take-away-1.jpg
Uncategorized\take Away 1 1,Accessories,SKU-0783,29.99,10.0,Accessories - Product 783,50,/assets/images/Uncategorized\take-away-1_1.jpg
Uncategorized\temperory Bos 1,Accessories,SKU-0784,29.99,10.0,Accessories - Product 784,50,/assets/images/Uncategorized\temperory-bos-1.jpg
Uncategorized\testing Please Wait In Your Car 1,Accessories,SKU-0785,29.99,10.0,Accessories - Product 785,50,/assets/images/Uncategorized\testing-please-wait-in-your-car-1.jpg
Uncategorized\upbrpr01 1 1,Accessories,SKU-0786,29.99,10.0,Accessories - Product 786,50,/assets/images/Uncategorized\upbrpr01_1_1.jpg
Uncategorized\updcbc01 1 1,Accessories,SKU-0787,29.99,10.0,Accessories - Product 787,50,/assets/images/Uncategorized\updcbc01_1_1.jpg
Uncategorized\upfbcd01 1 1,Accessories,SKU-0788,29.99,10.0,Accessories - Product 788,50,/assets/images/Uncategorized\upfbcd01_1_1.jpg
Uncategorized\upflgc01 1 1,Accessories,SKU-0789,29.99,10.0,Accessories - Product 789,50,/assets/images/Uncategorized\upflgc01_1_1.jpg
Uncategorized\upfogc01 1 1,Accessories,SKU-0790,29.99,10.0,Accessories - Product 790,50,/assets/images/Uncategorized\upfogc01_1_1.jpg
Uncategorized\upsbcd01 1 1,Accessories,SKU-0791,29.99,10.0,Accessories - Product 791,50,/assets/images/Uncategorized\upsbcd01_1_1.jpg
Uncategorized\verified Purchase,Accessories,SKU-0792,29.99,10.0,Accessories - Product 792,50,/assets/images/Uncategorized\verified-purchase.png
Uncategorized\we Are Open 1,Accessories,SKU-0793,29.99,10.0,Accessories - Product 793,50,/assets/images/Uncategorized\we-are-open-1.jpg
Uncategorized\widgetuploadicon,Accessories,SKU-0794,29.99,10.0,Accessories - Product 794,50,/assets/images/Uncategorized\widgetUploadIcon.png
Uncategorized\window Clear 8260,Accessories,SKU-0795,29.99,10.0,Accessories - Product 795,50,/assets/images/Uncategorized\window-clear-8260.jpg
Uncategorized\window Opaque 8261,Accessories,SKU-0796,29.99,10.0,Accessories - Product 796,50,/assets/images/Uncategorized\window-opaque-8261.jpg
Uncategorized\window Perforated 8262,Accessories,SKU-0797,29.99,10.0,Accessories - Product 797,50,/assets/images/Uncategorized\window-perforated-8262.jpg
Uncategorized\y101 Bbbuys01 1 Us,Accessories,SKU-0798,29.99,10.0,Accessories - Product 798,50,/assets/images/Uncategorized\y101_bbbuys01_1_us.jpg
Uncategorized\y101 Bbdcysg01 1 Us,Accessories,SKU-0799,29.99,10.0,Accessories - Product 799,50,/assets/images/Uncategorized\y101_bbdcysg01_1_us.jpg
Uncategorized\y101 Bbpls10 1 Us,Accessories,SKU-0800,29.99,10.0,Accessories - Product 800,50,/assets/images/Uncategorized\y101_bbpls10_1_us.jpg
Uncategorized\y101 Bbyars01 1 Us,Accessories,SKU-0801,29.99,10.0,Accessories - Product 801,50,/assets/images/Uncategorized\y101_bbyars01_1_us.jpg
